Workbook

Sheet Chapter 3
A1: Cultivar/Experiment/condition | B1: Sample | C1: Mass (g) | D1: Acrylamide in vial (ppb) | E1: Acrylamide in sample (µg/kg) | F1: Acrylamide band | G1: Expected chip colour | H1: Not like this | I1: Image file name
A2: Lady Claire Sulphur treated | B2: 1 | C2: 1.0146 | D2: 27.046 | E2: =D2*10/C2 -> 266.56811 | F2: =IF(NOT(ISNUMBER(E2)),"",IF(E2<Bands!$B$4,"Low",IF(E2<Bands!$B$5,"Medium",IF(E2<Bands!$B$6,"High","Very high")))) -> Low | G2: =IF(F2="","",IFERROR(INDEX(Bands!$D$3:$D$6,MATCH(F2,Bands!$A$3:$A$6,0)),"")) -> Pale yellow to light golden, even colour, no brown spots | H2: =IF(F2="","",IFERROR(INDEX(Bands!$J$3:$J$6,MATCH(F2,Bands!$A$3:$A$6,0)),"")) -> Not deep golden-brown or reddish-brown (those match higher values). Avoid black or burnt chips. | I2: =IF(F2="","","Ch3_"&TEXT(COUNT($E$2:E2),"000")&"_"&SUBSTITUTE(F2," ","-")&"_"&TEXT(E2,"0")&".jpg") -> Ch3_001_Low_267.jpg
B3: 2 | C3: 1.0498 | D3: 45.254 | E3: =D3*10/C3 -> 431.07259 | F3: =IF(NOT(ISNUMBER(E3)),"",IF(E3<Bands!$B$4,"Low",IF(E3<Bands!$B$5,"Medium",IF(E3<Bands!$B$6,"High","Very high")))) -> Low | G3: =IF(F3="","",IFERROR(INDEX(Bands!$D$3:$D$6,MATCH(F3,Bands!$A$3:$A$6,0)),"")) -> Pale yellow to light golden, even colour, no brown spots | H3: =IF(F3="","",IFERROR(INDEX(Bands!$J$3:$J$6,MATCH(F3,Bands!$A$3:$A$6,0)),"")) -> Not deep golden-brown or reddish-brown (those match higher values). Avoid black or burnt chips. | I3: =IF(F3="","","Ch3_"&TEXT(COUNT($E$2:E3),"000")&"_"&SUBSTITUTE(F3," ","-")&"_"&TEXT(E3,"0")&".jpg") -> Ch3_002_Low_431.jpg
B4: 3 | C4: 1.0058 | D4: 40.302 | E4: =D4*10/C4 -> 400.69596 | F4: =IF(NOT(ISNUMBER(E4)),"",IF(E4<Bands!$B$4,"Low",IF(E4<Bands!$B$5,"Medium",IF(E4<Bands!$B$6,"High","Very high")))) -> Low | G4: =IF(F4="","",IFERROR(INDEX(Bands!$D$3:$D$6,MATCH(F4,Bands!$A$3:$A$6,0)),"")) -> Pale yellow to light golden, even colour, no brown spots | H4: =IF(F4="","",IFERROR(INDEX(Bands!$J$3:$J$6,MATCH(F4,Bands!$A$3:$A$6,0)),"")) -> Not deep golden-brown or reddish-brown (those match higher values). Avoid black or burnt chips. | I4: =IF(F4="","","Ch3_"&TEXT(COUNT($E$2:E4),"000")&"_"&SUBSTITUTE(F4," ","-")&"_"&TEXT(E4,"0")&".jpg") -> Ch3_003_Low_401.jpg
B5: 4 | C5: 1.0215 | D5: 24.669 | E5: =D5*10/C5 -> 241.4978 | F5: =IF(NOT(ISNUMBER(E5)),"",IF(E5<Bands!$B$4,"Low",IF(E5<Bands!$B$5,"Medium",IF(E5<Bands!$B$6,"High","Very high")))) -> Low | G5: =IF(F5="","",IFERROR(INDEX(Bands!$D$3:$D$6,MATCH(F5,Bands!$A$3:$A$6,0)),"")) -> Pale yellow to light golden, even colour, no brown spots | H5: =IF(F5="","",IFERROR(INDEX(Bands!$J$3:$J$6,MATCH(F5,Bands!$A$3:$A$6,0)),"")) -> Not deep golden-brown or reddish-brown (those match higher values). Avoid black or burnt chips. | I5: =IF(F5="","","Ch3_"&TEXT(COUNT($E$2:E5),"000")&"_"&SUBSTITUTE(F5," ","-")&"_"&TEXT(E5,"0")&".jpg") -> Ch3_004_Low_241.jpg
B6: 5 | C6: 1.0016 | D6: 21.529 | E6: =D6*10/C6 -> 214.94609 | F6: =IF(NOT(ISNUMBER(E6)),"",IF(E6<Bands!$B$4,"Low",IF(E6<Bands!$B$5,"Medium",IF(E6<Bands!$B$6,"High","Very high")))) -> Low | G6: =IF(F6="","",IFERROR(INDEX(Bands!$D$3:$D$6,MATCH(F6,Bands!$A$3:$A$6,0)),"")) -> Pale yellow to light golden, even colour, no brown spots | H6: =IF(F6="","",IFERROR(INDEX(Bands!$J$3:$J$6,MATCH(F6,Bands!$A$3:$A$6,0)),"")) -> Not deep golden-brown or reddish-brown (those match higher values). Avoid black or burnt chips. | I6: =IF(F6="","","Ch3_"&TEXT(COUNT($E$2:E6),"000")&"_"&SUBSTITUTE(F6," ","-")&"_"&TEXT(E6,"0")&".jpg") -> Ch3_005_Low_215.jpg
B7: 6 | C7: 1.0076 | D7: 14.46 | E7: =D7*10/C7 -> 143.50933 | F7: =IF(NOT(ISNUMBER(E7)),"",IF(E7<Bands!$B$4,"Low",IF(E7<Bands!$B$5,"Medium",IF(E7<Bands!$B$6,"High","Very high")))) -> Low | G7: =IF(F7="","",IFERROR(INDEX(Bands!$D$3:$D$6,MATCH(F7,Bands!$A$3:$A$6,0)),"")) -> Pale yellow to light golden, even colour, no brown spots | H7: =IF(F7="","",IFERROR(INDEX(Bands!$J$3:$J$6,MATCH(F7,Bands!$A$3:$A$6,0)),"")) -> Not deep golden-brown or reddish-brown (those match higher values). Avoid black or burnt chips. | I7: =IF(F7="","","Ch3_"&TEXT(COUNT($E$2:E7),"000")&"_"&SUBSTITUTE(F7," ","-")&"_"&TEXT(E7,"0")&".jpg") -> Ch3_006_Low_144.jpg
B8: 7 | C8: 0.9967 | D8: 41.986 | E8: =D8*10/C8 -> 421.25013 | F8: =IF(NOT(ISNUMBER(E8)),"",IF(E8<Bands!$B$4,"Low",IF(E8<Bands!$B$5,"Medium",IF(E8<Bands!$B$6,"High","Very high")))) -> Low | G8: =IF(F8="","",IFERROR(INDEX(Bands!$D$3:$D$6,MATCH(F8,Bands!$A$3:$A$6,0)),"")) -> Pale yellow to light golden, even colour, no brown spots | H8: =IF(F8="","",IFERROR(INDEX(Bands!$J$3:$J$6,MATCH(F8,Bands!$A$3:$A$6,0)),"")) -> Not deep golden-brown or reddish-brown (those match higher values). Avoid black or burnt chips. | I8: =IF(F8="","","Ch3_"&TEXT(COUNT($E$2:E8),"000")&"_"&SUBSTITUTE(F8," ","-")&"_"&TEXT(E8,"0")&".jpg") -> Ch3_007_Low_421.jpg
B9: 8 | C9: 1.0428 | D9: 53.732 | E9: =D9*10/C9 -> 515.26659 | F9: =IF(NOT(ISNUMBER(E9)),"",IF(E9<Bands!$B$4,"Low",IF(E9<Bands!$B$5,"Medium",IF(E9<Bands!$B$6,"High","Very high")))) -> Medium | G9: =IF(F9="","",IFERROR(INDEX(Bands!$D$3:$D$6,MATCH(F9,Bands!$A$3:$A$6,0)),"")) -> Golden yellow with light brown at some edges or small spots | H9: =IF(F9="","",IFERROR(INDEX(Bands!$J$3:$J$6,MATCH(F9,Bands!$A$3:$A$6,0)),"")) -> Not pale yellow (matches a low value) and not deep reddish-brown (matches a high value). Avoid black or burnt chips. | I9: =IF(F9="","","Ch3_"&TEXT(COUNT($E$2:E9),"000")&"_"&SUBSTITUTE(F9," ","-")&"_"&TEXT(E9,"0")&".jpg") -> Ch3_008_Medium_515.jpg
B10: 9 | C10: 1.0069 | D10: 32.267 | E10: =D10*10/C10 -> 320.45883 | F10: =IF(NOT(ISNUMBER(E10)),"",IF(E10<Bands!$B$4,"Low",IF(E10<Bands!$B$5,"Medium",IF(E10<Bands!$B$6,"High","Very high")))) -> Low | G10: =IF(F10="","",IFERROR(INDEX(Bands!$D$3:$D$6,MATCH(F10,Bands!$A$3:$A$6,0)),"")) -> Pale yellow to light golden, even colour, no brown spots | H10: =IF(F10="","",IFERROR(INDEX(Bands!$J$3:$J$6,MATCH(F10,Bands!$A$3:$A$6,0)),"")) -> Not deep golden-brown or reddish-brown (those match higher values). Avoid black or burnt chips. | I10: =IF(F10="","","Ch3_"&TEXT(COUNT($E$2:E10),"000")&"_"&SUBSTITUTE(F10," ","-")&"_"&TEXT(E10,"0")&".jpg") -> Ch3_009_Low_320.jpg
B11: 10 | C11: 1.0256 | D11: 29.128 | E11: =D11*10/C11 -> 284.00936 | F11: =IF(NOT(ISNUMBER(E11)),"",IF(E11<Bands!$B$4,"Low",IF(E11<Bands!$B$5,"Medium",IF(E11<Bands!$B$6,"High","Very high")))) -> Low | G11: =IF(F11="","",IFERROR(INDEX(Bands!$D$3:$D$6,MATCH(F11,Bands!$A$3:$A$6,0)),"")) -> Pale yellow to light golden, even colour, no brown spots | H11: =IF(F11="","",IFERROR(INDEX(Bands!$J$3:$J$6,MATCH(F11,Bands!$A$3:$A$6,0)),"")) -> Not deep golden-brown or reddish-brown (those match higher values). Avoid black or burnt chips. | I11: =IF(F11="","","Ch3_"&TEXT(COUNT($E$2:E11),"000")&"_"&SUBSTITUTE(F11," ","-")&"_"&TEXT(E11,"0")&".jpg") -> Ch3_010_Low_284.jpg
B12: 11 | C12: 1.0241 | D12: 15.857 | E12: =D12*10/C12 -> 154.83839 | F12: =IF(NOT(ISNUMBER(E12)),"",IF(E12<Bands!$B$4,"Low",IF(E12<Bands!$B$5,"Medium",IF(E12<Bands!$B$6,"High","Very high")))) -> Low | G12: =IF(F12="","",IFERROR(INDEX(Bands!$D$3:$D$6,MATCH(F12,Bands!$A$3:$A$6,0)),"")) -> Pale yellow to light golden, even colour, no brown spots | H12: =IF(F12="","",IFERROR(INDEX(Bands!$J$3:$J$6,MATCH(F12,Bands!$A$3:$A$6,0)),"")) -> Not deep golden-brown or reddish-brown (those match higher values). Avoid black or burnt chips. | I12: =IF(F12="","","Ch3_"&TEXT(COUNT($E$2:E12),"000")&"_"&SUBSTITUTE(F12," ","-")&"_"&TEXT(E12,"0")&".jpg") -> Ch3_011_Low_155.jpg
B13: 12 | C13: 1.0144 | D13: 27.018 | E13: =D13*10/C13 -> 266.34464 | F13: =IF(NOT(ISNUMBER(E13)),"",IF(E13<Bands!$B$4,"Low",IF(E13<Bands!$B$5,"Medium",IF(E13<Bands!$B$6,"High","Very high")))) -> Low | G13: =IF(F13="","",IFERROR(INDEX(Bands!$D$3:$D$6,MATCH(F13,Bands!$A$3:$A$6,0)),"")) -> Pale yellow to light golden, even colour, no brown spots | H13: =IF(F13="","",IFERROR(INDEX(Bands!$J$3:$J$6,MATCH(F13,Bands!$A$3:$A$6,0)),"")) -> Not deep golden-brown or reddish-brown (those match higher values). Avoid black or burnt chips. | I13: =IF(F13="","","Ch3_"&TEXT(COUNT($E$2:E13),"000")&"_"&SUBSTITUTE(F13," ","-")&"_"&TEXT(E13,"0")&".jpg") -> Ch3_012_Low_266.jpg
B14: 13 | C14: 1.0529 | D14: 41.954 | E14: =D14*10/C14 -> 398.46139 | F14: =IF(NOT(ISNUMBER(E14)),"",IF(E14<Bands!$B$4,"Low",IF(E14<Bands!$B$5,"Medium",IF(E14<Bands!$B$6,"High","Very high")))) -> Low | G14: =IF(F14="","",IFERROR(INDEX(Bands!$D$3:$D$6,MATCH(F14,Bands!$A$3:$A$6,0)),"")) -> Pale yellow to light golden, even colour, no brown spots | H14: =IF(F14="","",IFERROR(INDEX(Bands!$J$3:$J$6,MATCH(F14,Bands!$A$3:$A$6,0)),"")) -> Not deep golden-brown or reddish-brown (those match higher values). Avoid black or burnt chips. | I14: =IF(F14="","","Ch3_"&TEXT(COUNT($E$2:E14),"000")&"_"&SUBSTITUTE(F14," ","-")&"_"&TEXT(E14,"0")&".jpg") -> Ch3_013_Low_398.jpg
... B25: 24 | C25: 1.0172 | D25: 32.259 | E25: =D25*10/C25 -> 317.13527 | F25: =IF(NOT(ISNUMBER(E25)),"",IF(E25<Bands!$B$4,"Low",IF(E25<Bands!$B$5,"Medium",IF(E25<Bands!$B$6,"High","Very high")))) -> Low | G25: =IF(F25="","",IFERROR(INDEX(Bands!$D$3:$D$6,MATCH(F25,Bands!$A$3:$A$6,0)),"")) -> Pale yellow to light golden, even colour, no brown spots | H25: =IF(F25="","",IFERROR(INDEX(Bands!$J$3:$J$6,MATCH(F25,Bands!$A$3:$A$6,0)),"")) -> Not deep golden-brown or reddish-brown (those match higher values). Avoid black or burnt chips. | I25: =IF(F25="","","Ch3_"&TEXT(COUNT($E$2:E25),"000")&"_"&SUBSTITUTE(F25," ","-")&"_"&TEXT(E25,"0")&".jpg") -> Ch3_024_Low_317.jpg
A27: Lady Claire Sulphur controls | B27: 1 | C27: 0.9966 | D27: 47.158 | E27: =D27*10/C27 -> 473.18884 | F27: =IF(NOT(ISNUMBER(E27)),"",IF(E27<Bands!$B$4,"Low",IF(E27<Bands!$B$5,"Medium",IF(E27<Bands!$B$6,"High","Very high")))) -> Low | G27: =IF(F27="","",IFERROR(INDEX(Bands!$D$3:$D$6,MATCH(F27,Bands!$A$3:$A$6,0)),"")) -> Pale yellow to light golden, even colour, no brown spots | H27: =IF(F27="","",IFERROR(INDEX(Bands!$J$3:$J$6,MATCH(F27,Bands!$A$3:$A$6,0)),"")) -> Not deep golden-brown or reddish-brown (those match higher values). Avoid black or burnt chips. | I27: =IF(F27="","","Ch3_"&TEXT(COUNT($E$2:E27),"000")&"_"&SUBSTITUTE(F27," ","-")&"_"&TEXT(E27,"0")&".jpg") -> Ch3_025_Low_473.jpg
B28: 2 | C28: 0.9707 | D28: 33.109 | E28: =D28*10/C28 -> 341.08375 | F28: =IF(NOT(ISNUMBER(E28)),"",IF(E28<Bands!$B$4,"Low",IF(E28<Bands!$B$5,"Medium",IF(E28<Bands!$B$6,"High","Very high")))) -> Low | G28: =IF(F28="","",IFERROR(INDEX(Bands!$D$3:$D$6,MATCH(F28,Bands!$A$3:$A$6,0)),"")) -> Pale yellow to light golden, even colour, no brown spots | H28: =IF(F28="","",IFERROR(INDEX(Bands!$J$3:$J$6,MATCH(F28,Bands!$A$3:$A$6,0)),"")) -> Not deep golden-brown or reddish-brown (those match higher values). Avoid black or burnt chips. | I28: =IF(F28="","","Ch3_"&TEXT(COUNT($E$2:E28),"000")&"_"&SUBSTITUTE(F28," ","-")&"_"&TEXT(E28,"0")&".jpg") -> Ch3_026_Low_341.jpg
B29: 3 | C29: 0.9929 | D29: 8.81 | E29: =D29*10/C29 -> 88.729983 | F29: =IF(NOT(ISNUMBER(E29)),"",IF(E29<Bands!$B$4,"Low",IF(E29<Bands!$B$5,"Medium",IF(E29<Bands!$B$6,"High","Very high")))) -> Low | G29: =IF(F29="","",IFERROR(INDEX(Bands!$D$3:$D$6,MATCH(F29,Bands!$A$3:$A$6,0)),"")) -> Pale yellow to light golden, even colour, no brown spots | H29: =IF(F29="","",IFERROR(INDEX(Bands!$J$3:$J$6,MATCH(F29,Bands!$A$3:$A$6,0)),"")) -> Not deep golden-brown or reddish-brown (those match higher values). Avoid black or burnt chips. | I29: =IF(F29="","","Ch3_"&TEXT(COUNT($E$2:E29),"000")&"_"&SUBSTITUTE(F29," ","-")&"_"&TEXT(E29,"0")&".jpg") -> Ch3_027_Low_89.jpg
B30: 4 | C30: 0.9878 | D30: 16.625 | E30: =D30*10/C30 -> 168.3033 | F30: =IF(NOT(ISNUMBER(E30)),"",IF(E30<Bands!$B$4,"Low",IF(E30<Bands!$B$5,"Medium",IF(E30<Bands!$B$6,"High","Very high")))) -> Low | G30: =IF(F30="","",IFERROR(INDEX(Bands!$D$3:$D$6,MATCH(F30,Bands!$A$3:$A$6,0)),"")) -> Pale yellow to light golden, even colour, no brown spots | H30: =IF(F30="","",IFERROR(INDEX(Bands!$J$3:$J$6,MATCH(F30,Bands!$A$3:$A$6,0)),"")) -> Not deep golden-brown or reddish-brown (those match higher values). Avoid black or burnt chips. | I30: =IF(F30="","","Ch3_"&TEXT(COUNT($E$2:E30),"000")&"_"&SUBSTITUTE(F30," ","-")&"_"&TEXT(E30,"0")&".jpg") -> Ch3_028_Low_168.jpg
B31: 5 | C31: 1.0429 | D31: 17.283 | E31: =D31*10/C31 -> 165.72059 | F31: =IF(NOT(ISNUMBER(E31)),"",IF(E31<Bands!$B$4,"Low",IF(E31<Bands!$B$5,"Medium",IF(E31<Bands!$B$6,"High","Very high")))) -> Low | G31: =IF(F31="","",IFERROR(INDEX(Bands!$D$3:$D$6,MATCH(F31,Bands!$A$3:$A$6,0)),"")) -> Pale yellow to light golden, even colour, no brown spots | H31: =IF(F31="","",IFERROR(INDEX(Bands!$J$3:$J$6,MATCH(F31,Bands!$A$3:$A$6,0)),"")) -> Not deep golden-brown or reddish-brown (those match higher values). Avoid black or burnt chips. | I31: =IF(F31="","","Ch3_"&TEXT(COUNT($E$2:E31),"000")&"_"&SUBSTITUTE(F31," ","-")&"_"&TEXT(E31,"0")&".jpg") -> Ch3_029_Low_166.jpg
B32: 6 | C32: 1.03 | D32: 26.897 | E32: =D32*10/C32 -> 261.13592 | F32: =IF(NOT(ISNUMBER(E32)),"",IF(E32<Bands!$B$4,"Low",IF(E32<Bands!$B$5,"Medium",IF(E32<Bands!$B$6,"High","Very high")))) -> Low | G32: =IF(F32="","",IFERROR(INDEX(Bands!$D$3:$D$6,MATCH(F32,Bands!$A$3:$A$6,0)),"")) -> Pale yellow to light golden, even colour, no brown spots | H32: =IF(F32="","",IFERROR(INDEX(Bands!$J$3:$J$6,MATCH(F32,Bands!$A$3:$A$6,0)),"")) -> Not deep golden-brown or reddish-brown (those match higher values). Avoid black or burnt chips. | I32: =IF(F32="","","Ch3_"&TEXT(COUNT($E$2:E32),"000")&"_"&SUBSTITUTE(F32," ","-")&"_"&TEXT(E32,"0")&".jpg") -> Ch3_030_Low_261.jpg
B33: 7 | C33: 0.9664 | D33: 17.66 | E33: =D33*10/C33 -> 182.74007 | F33: =IF(NOT(ISNUMBER(E33)),"",IF(E33<Bands!$B$4,"Low",IF(E33<Bands!$B$5,"Medium",IF(E33<Bands!$B$6,"High","Very high")))) -> Low | G33: =IF(F33="","",IFERROR(INDEX(Bands!$D$3:$D$6,MATCH(F33,Bands!$A$3:$A$6,0)),"")) -> Pale yellow to light golden, even colour, no brown spots | H33: =IF(F33="","",IFERROR(INDEX(Bands!$J$3:$J$6,MATCH(F33,Bands!$A$3:$A$6,0)),"")) -> Not deep golden-brown or reddish-brown (those match higher values). Avoid black or burnt chips. | I33: =IF(F33="","","Ch3_"&TEXT(COUNT($E$2:E33),"000")&"_"&SUBSTITUTE(F33," ","-")&"_"&TEXT(E33,"0")&".jpg") -> Ch3_031_Low_183.jpg
B34: 8 | C34: 1.0124 | D34: 21.729 | E34: =D34*10/C34 -> 214.62861 | F34: =IF(NOT(ISNUMBER(E34)),"",IF(E34<Bands!$B$4,"Low",IF(E34<Bands!$B$5,"Medium",IF(E34<Bands!$B$6,"High","Very high")))) -> Low | G34: =IF(F34="","",IFERROR(INDEX(Bands!$D$3:$D$6,MATCH(F34,Bands!$A$3:$A$6,0)),"")) -> Pale yellow to light golden, even colour, no brown spots | H34: =IF(F34="","",IFERROR(INDEX(Bands!$J$3:$J$6,MATCH(F34,Bands!$A$3:$A$6,0)),"")) -> Not deep golden-brown or reddish-brown (those match higher values). Avoid black or burnt chips. | I34: =IF(F34="","","Ch3_"&TEXT(COUNT($E$2:E34),"000")&"_"&SUBSTITUTE(F34," ","-")&"_"&TEXT(E34,"0")&".jpg") -> Ch3_032_Low_215.jpg
B35: 9 | C35: 1.0051 | D35: 20.524 | E35: =D35*10/C35 -> 204.19859 | F35: =IF(NOT(ISNUMBER(E35)),"",IF(E35<Bands!$B$4,"Low",IF(E35<Bands!$B$5,"Medium",IF(E35<Bands!$B$6,"High","Very high")))) -> Low | G35: =IF(F35="","",IFERROR(INDEX(Bands!$D$3:$D$6,MATCH(F35,Bands!$A$3:$A$6,0)),"")) -> Pale yellow to light golden, even colour, no brown spots | H35: =IF(F35="","",IFERROR(INDEX(Bands!$J$3:$J$6,MATCH(F35,Bands!$A$3:$A$6,0)),"")) -> Not deep golden-brown or reddish-brown (those match higher values). Avoid black or burnt chips. | I35: =IF(F35="","","Ch3_"&TEXT(COUNT($E$2:E35),"000")&"_"&SUBSTITUTE(F35," ","-")&"_"&TEXT(E35,"0")&".jpg") -> Ch3_033_Low_204.jpg
B36: 10 | C36: 0.9927 | D36: 45.906 | E36: =D36*10/C36 -> 462.43578 | F36: =IF(NOT(ISNUMBER(E36)),"",IF(E36<Bands!$B$4,"Low",IF(E36<Bands!$B$5,"Medium",IF(E36<Bands!$B$6,"High","Very high")))) -> Low | G36: =IF(F36="","",IFERROR(INDEX(Bands!$D$3:$D$6,MATCH(F36,Bands!$A$3:$A$6,0)),"")) -> Pale yellow to light golden, even colour, no brown spots | H36: =IF(F36="","",IFERROR(INDEX(Bands!$J$3:$J$6,MATCH(F36,Bands!$A$3:$A$6,0)),"")) -> Not deep golden-brown or reddish-brown (those match higher values). Avoid black or burnt chips. | I36: =IF(F36="","","Ch3_"&TEXT(COUNT($E$2:E36),"000")&"_"&SUBSTITUTE(F36," ","-")&"_"&TEXT(E36,"0")&".jpg") -> Ch3_034_Low_462.jpg
B37: 11 | C37: 1.015 | D37: 64.177 | E37: =D37*10/C37 -> 632.28571 | F37: =IF(NOT(ISNUMBER(E37)),"",IF(E37<Bands!$B$4,"Low",IF(E37<Bands!$B$5,"Medium",IF(E37<Bands!$B$6,"High","Very high")))) -> Medium | G37: =IF(F37="","",IFERROR(INDEX(Bands!$D$3:$D$6,MATCH(F37,Bands!$A$3:$A$6,0)),"")) -> Golden yellow with light brown at some edges or small spots | H37: =IF(F37="","",IFERROR(INDEX(Bands!$J$3:$J$6,MATCH(F37,Bands!$A$3:$A$6,0)),"")) -> Not pale yellow (matches a low value) and not deep reddish-brown (matches a high value). Avoid black or burnt chips. | I37: =IF(F37="","","Ch3_"&TEXT(COUNT($E$2:E37),"000")&"_"&SUBSTITUTE(F37," ","-")&"_"&TEXT(E37,"0")&".jpg") -> Ch3_035_Medium_632.jpg
B38: 12 | C38: 0.9709 | D38: 52.087 | E38: =D38*10/C38 -> 536.48161 | F38: =IF(NOT(ISNUMBER(E38)),"",IF(E38<Bands!$B$4,"Low",IF(E38<Bands!$B$5,"Medium",IF(E38<Bands!$B$6,"High","Very high")))) -> Medium | G38: =IF(F38="","",IFERROR(INDEX(Bands!$D$3:$D$6,MATCH(F38,Bands!$A$3:$A$6,0)),"")) -> Golden yellow with light brown at some edges or small spots | H38: =IF(F38="","",IFERROR(INDEX(Bands!$J$3:$J$6,MATCH(F38,Bands!$A$3:$A$6,0)),"")) -> Not pale yellow (matches a low value) and not deep reddish-brown (matches a high value). Avoid black or burnt chips. | I38: =IF(F38="","","Ch3_"&TEXT(COUNT($E$2:E38),"000")&"_"&SUBSTITUTE(F38," ","-")&"_"&TEXT(E38,"0")&".jpg") -> Ch3_036_Medium_536.jpg
B39: 13 | C39: 1.0308 | D39: 17.525 | E39: =D39*10/C39 -> 170.01358 | F39: =IF(NOT(ISNUMBER(E39)),"",IF(E39<Bands!$B$4,"Low",IF(E39<Bands!$B$5,"Medium",IF(E39<Bands!$B$6,"High","Very high")))) -> Low | G39: =IF(F39="","",IFERROR(INDEX(Bands!$D$3:$D$6,MATCH(F39,Bands!$A$3:$A$6,0)),"")) -> Pale yellow to light golden, even colour, no brown spots | H39: =IF(F39="","",IFERROR(INDEX(Bands!$J$3:$J$6,MATCH(F39,Bands!$A$3:$A$6,0)),"")) -> Not deep golden-brown or reddish-brown (those match higher values). Avoid black or burnt chips. | I39: =IF(F39="","","Ch3_"&TEXT(COUNT($E$2:E39),"000")&"_"&SUBSTITUTE(F39," ","-")&"_"&TEXT(E39,"0")&".jpg") -> Ch3_037_Low_170.jpg
... B50: 24 | C50: 0.9881 | D50: 41.917 | E50: =D50*10/C50 -> 424.2182 | F50: =IF(NOT(ISNUMBER(E50)),"",IF(E50<Bands!$B$4,"Low",IF(E50<Bands!$B$5,"Medium",IF(E50<Bands!$B$6,"High","Very high")))) -> Low | G50: =IF(F50="","",IFERROR(INDEX(Bands!$D$3:$D$6,MATCH(F50,Bands!$A$3:$A$6,0)),"")) -> Pale yellow to light golden, even colour, no brown spots | H50: =IF(F50="","",IFERROR(INDEX(Bands!$J$3:$J$6,MATCH(F50,Bands!$A$3:$A$6,0)),"")) -> Not deep golden-brown or reddish-brown (those match higher values). Avoid black or burnt chips. | I50: =IF(F50="","","Ch3_"&TEXT(COUNT($E$2:E50),"000")&"_"&SUBSTITUTE(F50," ","-")&"_"&TEXT(E50,"0")&".jpg") -> Ch3_048_Low_424.jpg
A52: Taurus Sulphur treated | B52: 1 | C52: 1.03 | D52: 84.689 | E52: =D52*10/C52 -> 822.2233 | F52: =IF(NOT(ISNUMBER(E52)),"",IF(E52<Bands!$B$4,"Low",IF(E52<Bands!$B$5,"Medium",IF(E52<Bands!$B$6,"High","Very high")))) -> Medium | G52: =IF(F52="","",IFERROR(INDEX(Bands!$D$3:$D$6,MATCH(F52,Bands!$A$3:$A$6,0)),"")) -> Golden yellow with light brown at some edges or small spots | H52: =IF(F52="","",IFERROR(INDEX(Bands!$J$3:$J$6,MATCH(F52,Bands!$A$3:$A$6,0)),"")) -> Not pale yellow (matches a low value) and not deep reddish-brown (matches a high value). Avoid black or burnt chips. | I52: =IF(F52="","","Ch3_"&TEXT(COUNT($E$2:E52),"000")&"_"&SUBSTITUTE(F52," ","-")&"_"&TEXT(E52,"0")&".jpg") -> Ch3_049_Medium_822.jpg
B53: 2 | C53: 1.0039 | D53: 63.339 | E53: =D53*10/C53 -> 630.92938 | F53: =IF(NOT(ISNUMBER(E53)),"",IF(E53<Bands!$B$4,"Low",IF(E53<Bands!$B$5,"Medium",IF(E53<Bands!$B$6,"High","Very high")))) -> Medium | G53: =IF(F53="","",IFERROR(INDEX(Bands!$D$3:$D$6,MATCH(F53,Bands!$A$3:$A$6,0)),"")) -> Golden yellow with light brown at some edges or small spots | H53: =IF(F53="","",IFERROR(INDEX(Bands!$J$3:$J$6,MATCH(F53,Bands!$A$3:$A$6,0)),"")) -> Not pale yellow (matches a low value) and not deep reddish-brown (matches a high value). Avoid black or burnt chips. | I53: =IF(F53="","","Ch3_"&TEXT(COUNT($E$2:E53),"000")&"_"&SUBSTITUTE(F53," ","-")&"_"&TEXT(E53,"0")&".jpg") -> Ch3_050_Medium_631.jpg
B54: 3 | C54: 0.9615 | D54: 141.608 | E54: =D54*10/C54 -> 1472.7821 | F54: =IF(NOT(ISNUMBER(E54)),"",IF(E54<Bands!$B$4,"Low",IF(E54<Bands!$B$5,"Medium",IF(E54<Bands!$B$6,"High","Very high")))) -> High | G54: =IF(F54="","",IFERROR(INDEX(Bands!$D$3:$D$6,MATCH(F54,Bands!$A$3:$A$6,0)),"")) -> Golden-brown with a reddish tint, brown edges, somewhat uneven | H54: =IF(F54="","",IFERROR(INDEX(Bands!$J$3:$J$6,MATCH(F54,Bands!$A$3:$A$6,0)),"")) -> Not pale yellow, which would match a low value. Not black or burnt, since very dark chips can have lower acrylamide. | I54: =IF(F54="","","Ch3_"&TEXT(COUNT($E$2:E54),"000")&"_"&SUBSTITUTE(F54," ","-")&"_"&TEXT(E54,"0")&".jpg") -> Ch3_051_High_1473.jpg
B55: 4 | C55: 0.984 | D55: 88.892 | E55: =D55*10/C55 -> 903.37398 | F55: =IF(NOT(ISNUMBER(E55)),"",IF(E55<Bands!$B$4,"Low",IF(E55<Bands!$B$5,"Medium",IF(E55<Bands!$B$6,"High","Very high")))) -> Medium | G55: =IF(F55="","",IFERROR(INDEX(Bands!$D$3:$D$6,MATCH(F55,Bands!$A$3:$A$6,0)),"")) -> Golden yellow with light brown at some edges or small spots | H55: =IF(F55="","",IFERROR(INDEX(Bands!$J$3:$J$6,MATCH(F55,Bands!$A$3:$A$6,0)),"")) -> Not pale yellow (matches a low value) and not deep reddish-brown (matches a high value). Avoid black or burnt chips. | I55: =IF(F55="","","Ch3_"&TEXT(COUNT($E$2:E55),"000")&"_"&SUBSTITUTE(F55," ","-")&"_"&TEXT(E55,"0")&".jpg") -> Ch3_052_Medium_903.jpg
B56: 5 | C56: 0.9732 | D56: 32.794 | E56: =D56*10/C56 -> 336.97082 | F56: =IF(NOT(ISNUMBER(E56)),"",IF(E56<Bands!$B$4,"Low",IF(E56<Bands!$B$5,"Medium",IF(E56<Bands!$B$6,"High","Very high")))) -> Low | G56: =IF(F56="","",IFERROR(INDEX(Bands!$D$3:$D$6,MATCH(F56,Bands!$A$3:$A$6,0)),"")) -> Pale yellow to light golden, even colour, no brown spots | H56: =IF(F56="","",IFERROR(INDEX(Bands!$J$3:$J$6,MATCH(F56,Bands!$A$3:$A$6,0)),"")) -> Not deep golden-brown or reddish-brown (those match higher values). Avoid black or burnt chips. | I56: =IF(F56="","","Ch3_"&TEXT(COUNT($E$2:E56),"000")&"_"&SUBSTITUTE(F56," ","-")&"_"&TEXT(E56,"0")&".jpg") -> Ch3_053_Low_337.jpg
B57: 6 | C57: 0.9798 | D57: 42.668 | E57: =D57*10/C57 -> 435.47663 | F57: =IF(NOT(ISNUMBER(E57)),"",IF(E57<Bands!$B$4,"Low",IF(E57<Bands!$B$5,"Medium",IF(E57<Bands!$B$6,"High","Very high")))) -> Low | G57: =IF(F57="","",IFERROR(INDEX(Bands!$D$3:$D$6,MATCH(F57,Bands!$A$3:$A$6,0)),"")) -> Pale yellow to light golden, even colour, no brown spots | H57: =IF(F57="","",IFERROR(INDEX(Bands!$J$3:$J$6,MATCH(F57,Bands!$A$3:$A$6,0)),"")) -> Not deep golden-brown or reddish-brown (those match higher values). Avoid black or burnt chips. | I57: =IF(F57="","","Ch3_"&TEXT(COUNT($E$2:E57),"000")&"_"&SUBSTITUTE(F57," ","-")&"_"&TEXT(E57,"0")&".jpg") -> Ch3_054_Low_435.jpg
B58: 7 | C58: 0.9832 | D58: 55.679 | E58: =D58*10/C58 -> 566.30391 | F58: =IF(NOT(ISNUMBER(E58)),"",IF(E58<Bands!$B$4,"Low",IF(E58<Bands!$B$5,"Medium",IF(E58<Bands!$B$6,"High","Very high")))) -> Medium | G58: =IF(F58="","",IFERROR(INDEX(Bands!$D$3:$D$6,MATCH(F58,Bands!$A$3:$A$6,0)),"")) -> Golden yellow with light brown at some edges or small spots | H58: =IF(F58="","",IFERROR(INDEX(Bands!$J$3:$J$6,MATCH(F58,Bands!$A$3:$A$6,0)),"")) -> Not pale yellow (matches a low value) and not deep reddish-brown (matches a high value). Avoid black or burnt chips. | I58: =IF(F58="","","Ch3_"&TEXT(COUNT($E$2:E58),"000")&"_"&SUBSTITUTE(F58," ","-")&"_"&TEXT(E58,"0")&".jpg") -> Ch3_055_Medium_566.jpg
B59: 8 | C59: 0.9952 | D59: 56.965 | E59: =D59*10/C59 -> 572.39751 | F59: =IF(NOT(ISNUMBER(E59)),"",IF(E59<Bands!$B$4,"Low",IF(E59<Bands!$B$5,"Medium",IF(E59<Bands!$B$6,"High","Very high")))) -> Medium | G59: =IF(F59="","",IFERROR(INDEX(Bands!$D$3:$D$6,MATCH(F59,Bands!$A$3:$A$6,0)),"")) -> Golden yellow with light brown at some edges or small spots | H59: =IF(F59="","",IFERROR(INDEX(Bands!$J$3:$J$6,MATCH(F59,Bands!$A$3:$A$6,0)),"")) -> Not pale yellow (matches a low value) and not deep reddish-brown (matches a high value). Avoid black or burnt chips. | I59: =IF(F59="","","Ch3_"&TEXT(COUNT($E$2:E59),"000")&"_"&SUBSTITUTE(F59," ","-")&"_"&TEXT(E59,"0")&".jpg") -> Ch3_056_Medium_572.jpg
B60: 9 | C60: 1.0154 | D60: 150.898 | E60: =D60*10/C60 -> 1486.0942 | F60: =IF(NOT(ISNUMBER(E60)),"",IF(E60<Bands!$B$4,"Low",IF(E60<Bands!$B$5,"Medium",IF(E60<Bands!$B$6,"High","Very high")))) -> High | G60: =IF(F60="","",IFERROR(INDEX(Bands!$D$3:$D$6,MATCH(F60,Bands!$A$3:$A$6,0)),"")) -> Golden-brown with a reddish tint, brown edges, somewhat uneven | H60: =IF(F60="","",IFERROR(INDEX(Bands!$J$3:$J$6,MATCH(F60,Bands!$A$3:$A$6,0)),"")) -> Not pale yellow, which would match a low value. Not black or burnt, since very dark chips can have lower acrylamide. | I60: =IF(F60="","","Ch3_"&TEXT(COUNT($E$2:E60),"000")&"_"&SUBSTITUTE(F60," ","-")&"_"&TEXT(E60,"0")&".jpg") -> Ch3_057_High_1486.jpg
B61: 10 | C61: 0.9834 | D61: 51.029 | E61: =D61*10/C61 -> 518.9038 | F61: =IF(NOT(ISNUMBER(E61)),"",IF(E61<Bands!$B$4,"Low",IF(E61<Bands!$B$5,"Medium",IF(E61<Bands!$B$6,"High","Very high")))) -> Medium | G61: =IF(F61="","",IFERROR(INDEX(Bands!$D$3:$D$6,MATCH(F61,Bands!$A$3:$A$6,0)),"")) -> Golden yellow with light brown at some edges or small spots | H61: =IF(F61="","",IFERROR(INDEX(Bands!$J$3:$J$6,MATCH(F61,Bands!$A$3:$A$6,0)),"")) -> Not pale yellow (matches a low value) and not deep reddish-brown (matches a high value). Avoid black or burnt chips. | I61: =IF(F61="","","Ch3_"&TEXT(COUNT($E$2:E61),"000")&"_"&SUBSTITUTE(F61," ","-")&"_"&TEXT(E61,"0")&".jpg") -> Ch3_058_Medium_519.jpg
B62: 11 | C62: 1.0383 | D62: 94.411 | E62: =D62*10/C62 -> 909.28441 | F62: =IF(NOT(ISNUMBER(E62)),"",IF(E62<Bands!$B$4,"Low",IF(E62<Bands!$B$5,"Medium",IF(E62<Bands!$B$6,"High","Very high")))) -> Medium | G62: =IF(F62="","",IFERROR(INDEX(Bands!$D$3:$D$6,MATCH(F62,Bands!$A$3:$A$6,0)),"")) -> Golden yellow with light brown at some edges or small spots | H62: =IF(F62="","",IFERROR(INDEX(Bands!$J$3:$J$6,MATCH(F62,Bands!$A$3:$A$6,0)),"")) -> Not pale yellow (matches a low value) and not deep reddish-brown (matches a high value). Avoid black or burnt chips. | I62: =IF(F62="","","Ch3_"&TEXT(COUNT($E$2:E62),"000")&"_"&SUBSTITUTE(F62," ","-")&"_"&TEXT(E62,"0")&".jpg") -> Ch3_059_Medium_909.jpg
B63: 12 | C63: 1.0079 | D63: 39.967 | E63: =D63*10/C63 -> 396.53735 | F63: =IF(NOT(ISNUMBER(E63)),"",IF(E63<Bands!$B$4,"Low",IF(E63<Bands!$B$5,"Medium",IF(E63<Bands!$B$6,"High","Very high")))) -> Low | G63: =IF(F63="","",IFERROR(INDEX(Bands!$D$3:$D$6,MATCH(F63,Bands!$A$3:$A$6,0)),"")) -> Pale yellow to light golden, even colour, no brown spots | H63: =IF(F63="","",IFERROR(INDEX(Bands!$J$3:$J$6,MATCH(F63,Bands!$A$3:$A$6,0)),"")) -> Not deep golden-brown or reddish-brown (those match higher values). Avoid black or burnt chips. | I63: =IF(F63="","","Ch3_"&TEXT(COUNT($E$2:E63),"000")&"_"&SUBSTITUTE(F63," ","-")&"_"&TEXT(E63,"0")&".jpg") -> Ch3_060_Low_397.jpg
B64: 13 | C64: 0.9601 | D64: 68.746 | E64: =D64*10/C64 -> 716.02958 | F64: =IF(NOT(ISNUMBER(E64)),"",IF(E64<Bands!$B$4,"Low",IF(E64<Bands!$B$5,"Medium",IF(E64<Bands!$B$6,"High","Very high")))) -> Medium | G64: =IF(F64="","",IFERROR(INDEX(Bands!$D$3:$D$6,MATCH(F64,Bands!$A$3:$A$6,0)),"")) -> Golden yellow with light brown at some edges or small spots | H64: =IF(F64="","",IFERROR(INDEX(Bands!$J$3:$J$6,MATCH(F64,Bands!$A$3:$A$6,0)),"")) -> Not pale yellow (matches a low value) and not deep reddish-brown (matches a high value). Avoid black or burnt chips. | I64: =IF(F64="","","Ch3_"&TEXT(COUNT($E$2:E64),"000")&"_"&SUBSTITUTE(F64," ","-")&"_"&TEXT(E64,"0")&".jpg") -> Ch3_061_Medium_716.jpg
... B81: 30 | C81: 1.0025 | D81: 52.634 | E81: =D81*10/C81 -> 525.02743 | F81: =IF(NOT(ISNUMBER(E81)),"",IF(E81<Bands!$B$4,"Low",IF(E81<Bands!$B$5,"Medium",IF(E81<Bands!$B$6,"High","Very high")))) -> Medium | G81: =IF(F81="","",IFERROR(INDEX(Bands!$D$3:$D$6,MATCH(F81,Bands!$A$3:$A$6,0)),"")) -> Golden yellow with light brown at some edges or small spots | H81: =IF(F81="","",IFERROR(INDEX(Bands!$J$3:$J$6,MATCH(F81,Bands!$A$3:$A$6,0)),"")) -> Not pale yellow (matches a low value) and not deep reddish-brown (matches a high value). Avoid black or burnt chips. | I81: =IF(F81="","","Ch3_"&TEXT(COUNT($E$2:E81),"000")&"_"&SUBSTITUTE(F81," ","-")&"_"&TEXT(E81,"0")&".jpg") -> Ch3_078_Medium_525.jpg
A83: Taurus Sulphur controls | B83: 1 | C83: 1.035 | D83: 69.46 | E83: =D83*10/C83 -> 671.11111 | F83: =IF(NOT(ISNUMBER(E83)),"",IF(E83<Bands!$B$4,"Low",IF(E83<Bands!$B$5,"Medium",IF(E83<Bands!$B$6,"High","Very high")))) -> Medium | G83: =IF(F83="","",IFERROR(INDEX(Bands!$D$3:$D$6,MATCH(F83,Bands!$A$3:$A$6,0)),"")) -> Golden yellow with light brown at some edges or small spots | H83: =IF(F83="","",IFERROR(INDEX(Bands!$J$3:$J$6,MATCH(F83,Bands!$A$3:$A$6,0)),"")) -> Not pale yellow (matches a low value) and not deep reddish-brown (matches a high value). Avoid black or burnt chips. | I83: =IF(F83="","","Ch3_"&TEXT(COUNT($E$2:E83),"000")&"_"&SUBSTITUTE(F83," ","-")&"_"&TEXT(E83,"0")&".jpg") -> Ch3_079_Medium_671.jpg
B84: 2 | C84: 0.9538 | D84: 74.676 | E84: =D84*10/C84 -> 782.93143 | F84: =IF(NOT(ISNUMBER(E84)),"",IF(E84<Bands!$B$4,"Low",IF(E84<Bands!$B$5,"Medium",IF(E84<Bands!$B$6,"High","Very high")))) -> Medium | G84: =IF(F84="","",IFERROR(INDEX(Bands!$D$3:$D$6,MATCH(F84,Bands!$A$3:$A$6,0)),"")) -> Golden yellow with light brown at some edges or small spots | H84: =IF(F84="","",IFERROR(INDEX(Bands!$J$3:$J$6,MATCH(F84,Bands!$A$3:$A$6,0)),"")) -> Not pale yellow (matches a low value) and not deep reddish-brown (matches a high value). Avoid black or burnt chips. | I84: =IF(F84="","","Ch3_"&TEXT(COUNT($E$2:E84),"000")&"_"&SUBSTITUTE(F84," ","-")&"_"&TEXT(E84,"0")&".jpg") -> Ch3_080_Medium_783.jpg
B85: 3 | C85: 1.001 | D85: 118.95 | E85: =D85*10/C85 -> 1188.3117 | F85: =IF(NOT(ISNUMBER(E85)),"",IF(E85<Bands!$B$4,"Low",IF(E85<Bands!$B$5,"Medium",IF(E85<Bands!$B$6,"High","Very high")))) -> High | G85: =IF(F85="","",IFERROR(INDEX(Bands!$D$3:$D$6,MATCH(F85,Bands!$A$3:$A$6,0)),"")) -> Golden-brown with a reddish tint, brown edges, somewhat uneven | H85: =IF(F85="","",IFERROR(INDEX(Bands!$J$3:$J$6,MATCH(F85,Bands!$A$3:$A$6,0)),"")) -> Not pale yellow, which would match a low value. Not black or burnt, since very dark chips can have lower acrylamide. | I85: =IF(F85="","","Ch3_"&TEXT(COUNT($E$2:E85),"000")&"_"&SUBSTITUTE(F85," ","-")&"_"&TEXT(E85,"0")&".jpg") -> Ch3_081_High_1188.jpg
B86: 4 | C86: 0.9906 | D86: 54.463 | E86: =D86*10/C86 -> 549.7981 | F86: =IF(NOT(ISNUMBER(E86)),"",IF(E86<Bands!$B$4,"Low",IF(E86<Bands!$B$5,"Medium",IF(E86<Bands!$B$6,"High","Very high")))) -> Medium | G86: =IF(F86="","",IFERROR(INDEX(Bands!$D$3:$D$6,MATCH(F86,Bands!$A$3:$A$6,0)),"")) -> Golden yellow with light brown at some edges or small spots | H86: =IF(F86="","",IFERROR(INDEX(Bands!$J$3:$J$6,MATCH(F86,Bands!$A$3:$A$6,0)),"")) -> Not pale yellow (matches a low value) and not deep reddish-brown (matches a high value). Avoid black or burnt chips. | I86: =IF(F86="","","Ch3_"&TEXT(COUNT($E$2:E86),"000")&"_"&SUBSTITUTE(F86," ","-")&"_"&TEXT(E86,"0")&".jpg") -> Ch3_082_Medium_550.jpg
B87: 5 | C87: 0.9791 | D87: 40.484 | E87: =D87*10/C87 -> 413.48177 | F87: =IF(NOT(ISNUMBER(E87)),"",IF(E87<Bands!$B$4,"Low",IF(E87<Bands!$B$5,"Medium",IF(E87<Bands!$B$6,"High","Very high")))) -> Low | G87: =IF(F87="","",IFERROR(INDEX(Bands!$D$3:$D$6,MATCH(F87,Bands!$A$3:$A$6,0)),"")) -> Pale yellow to light golden, even colour, no brown spots | H87: =IF(F87="","",IFERROR(INDEX(Bands!$J$3:$J$6,MATCH(F87,Bands!$A$3:$A$6,0)),"")) -> Not deep golden-brown or reddish-brown (those match higher values). Avoid black or burnt chips. | I87: =IF(F87="","","Ch3_"&TEXT(COUNT($E$2:E87),"000")&"_"&SUBSTITUTE(F87," ","-")&"_"&TEXT(E87,"0")&".jpg") -> Ch3_083_Low_413.jpg
B88: 6 | C88: 1.0011 | D88: 11.178 | E88: =D88*10/C88 -> 111.65718 | F88: =IF(NOT(ISNUMBER(E88)),"",IF(E88<Bands!$B$4,"Low",IF(E88<Bands!$B$5,"Medium",IF(E88<Bands!$B$6,"High","Very high")))) -> Low | G88: =IF(F88="","",IFERROR(INDEX(Bands!$D$3:$D$6,MATCH(F88,Bands!$A$3:$A$6,0)),"")) -> Pale yellow to light golden, even colour, no brown spots | H88: =IF(F88="","",IFERROR(INDEX(Bands!$J$3:$J$6,MATCH(F88,Bands!$A$3:$A$6,0)),"")) -> Not deep golden-brown or reddish-brown (those match higher values). Avoid black or burnt chips. | I88: =IF(F88="","","Ch3_"&TEXT(COUNT($E$2:E88),"000")&"_"&SUBSTITUTE(F88," ","-")&"_"&TEXT(E88,"0")&".jpg") -> Ch3_084_Low_112.jpg
B89: 7 | C89: 0.9952 | D89: 130.837 | E89: =D89*10/C89 -> 1314.6805 | F89: =IF(NOT(ISNUMBER(E89)),"",IF(E89<Bands!$B$4,"Low",IF(E89<Bands!$B$5,"Medium",IF(E89<Bands!$B$6,"High","Very high")))) -> High | G89: =IF(F89="","",IFERROR(INDEX(Bands!$D$3:$D$6,MATCH(F89,Bands!$A$3:$A$6,0)),"")) -> Golden-brown with a reddish tint, brown edges, somewhat uneven | H89: =IF(F89="","",IFERROR(INDEX(Bands!$J$3:$J$6,MATCH(F89,Bands!$A$3:$A$6,0)),"")) -> Not pale yellow, which would match a low value. Not black or burnt, since very dark chips can have lower acrylamide. | I89: =IF(F89="","","Ch3_"&TEXT(COUNT($E$2:E89),"000")&"_"&SUBSTITUTE(F89," ","-")&"_"&TEXT(E89,"0")&".jpg") -> Ch3_085_High_1315.jpg
B90: 8 | C90: 0.9857 | D90: 79.916 | E90: =D90*10/C90 -> 810.75378 | F90: =IF(NOT(ISNUMBER(E90)),"",IF(E90<Bands!$B$4,"Low",IF(E90<Bands!$B$5,"Medium",IF(E90<Bands!$B$6,"High","Very high")))) -> Medium | G90: =IF(F90="","",IFERROR(INDEX(Bands!$D$3:$D$6,MATCH(F90,Bands!$A$3:$A$6,0)),"")) -> Golden yellow with light brown at some edges or small spots | H90: =IF(F90="","",IFERROR(INDEX(Bands!$J$3:$J$6,MATCH(F90,Bands!$A$3:$A$6,0)),"")) -> Not pale yellow (matches a low value) and not deep reddish-brown (matches a high value). Avoid black or burnt chips. | I90: =IF(F90="","","Ch3_"&TEXT(COUNT($E$2:E90),"000")&"_"&SUBSTITUTE(F90," ","-")&"_"&TEXT(E90,"0")&".jpg") -> Ch3_086_Medium_811.jpg
B91: 9 | C91: 0.9852 | D91: 183.763 | E91: =D91*10/C91 -> 1865.2355 | F91: =IF(NOT(ISNUMBER(E91)),"",IF(E91<Bands!$B$4,"Low",IF(E91<Bands!$B$5,"Medium",IF(E91<Bands!$B$6,"High","Very high")))) -> High | G91: =IF(F91="","",IFERROR(INDEX(Bands!$D$3:$D$6,MATCH(F91,Bands!$A$3:$A$6,0)),"")) -> Golden-brown with a reddish tint, brown edges, somewhat uneven | H91: =IF(F91="","",IFERROR(INDEX(Bands!$J$3:$J$6,MATCH(F91,Bands!$A$3:$A$6,0)),"")) -> Not pale yellow, which would match a low value. Not black or burnt, since very dark chips can have lower acrylamide. | I91: =IF(F91="","","Ch3_"&TEXT(COUNT($E$2:E91),"000")&"_"&SUBSTITUTE(F91," ","-")&"_"&TEXT(E91,"0")&".jpg") -> Ch3_087_High_1865.jpg
B92: 10 | C92: 0.9834 | D92: 51.058 | E92: =D92*10/C92 -> 519.1987 | F92: =IF(NOT(ISNUMBER(E92)),"",IF(E92<Bands!$B$4,"Low",IF(E92<Bands!$B$5,"Medium",IF(E92<Bands!$B$6,"High","Very high")))) -> Medium | G92: =IF(F92="","",IFERROR(INDEX(Bands!$D$3:$D$6,MATCH(F92,Bands!$A$3:$A$6,0)),"")) -> Golden yellow with light brown at some edges or small spots | H92: =IF(F92="","",IFERROR(INDEX(Bands!$J$3:$J$6,MATCH(F92,Bands!$A$3:$A$6,0)),"")) -> Not pale yellow (matches a low value) and not deep reddish-brown (matches a high value). Avoid black or burnt chips. | I92: =IF(F92="","","Ch3_"&TEXT(COUNT($E$2:E92),"000")&"_"&SUBSTITUTE(F92," ","-")&"_"&TEXT(E92,"0")&".jpg") -> Ch3_088_Medium_519.jpg
B93: 11 | C93: 0.9904 | D93: 31.327 | E93: =D93*10/C93 -> 316.30654 | F93: =IF(NOT(ISNUMBER(E93)),"",IF(E93<Bands!$B$4,"Low",IF(E93<Bands!$B$5,"Medium",IF(E93<Bands!$B$6,"High","Very high")))) -> Low | G93: =IF(F93="","",IFERROR(INDEX(Bands!$D$3:$D$6,MATCH(F93,Bands!$A$3:$A$6,0)),"")) -> Pale yellow to light golden, even colour, no brown spots | H93: =IF(F93="","",IFERROR(INDEX(Bands!$J$3:$J$6,MATCH(F93,Bands!$A$3:$A$6,0)),"")) -> Not deep golden-brown or reddish-brown (those match higher values). Avoid black or burnt chips. | I93: =IF(F93="","","Ch3_"&TEXT(COUNT($E$2:E93),"000")&"_"&SUBSTITUTE(F93," ","-")&"_"&TEXT(E93,"0")&".jpg") -> Ch3_089_Low_316.jpg
B94: 12 | C94: 1.0122 | D94: 47.866 | E94: =D94*10/C94 -> 472.89073 | F94: =IF(NOT(ISNUMBER(E94)),"",IF(E94<Bands!$B$4,"Low",IF(E94<Bands!$B$5,"Medium",IF(E94<Bands!$B$6,"High","Very high")))) -> Low | G94: =IF(F94="","",IFERROR(INDEX(Bands!$D$3:$D$6,MATCH(F94,Bands!$A$3:$A$6,0)),"")) -> Pale yellow to light golden, even colour, no brown spots | H94: =IF(F94="","",IFERROR(INDEX(Bands!$J$3:$J$6,MATCH(F94,Bands!$A$3:$A$6,0)),"")) -> Not deep golden-brown or reddish-brown (those match higher values). Avoid black or burnt chips. | I94: =IF(F94="","","Ch3_"&TEXT(COUNT($E$2:E94),"000")&"_"&SUBSTITUTE(F94," ","-")&"_"&TEXT(E94,"0")&".jpg") -> Ch3_090_Low_473.jpg
B95: 13 | C95: 0.9783 | D95: 77.224 | E95: =D95*10/C95 -> 789.36931 | F95: =IF(NOT(ISNUMBER(E95)),"",IF(E95<Bands!$B$4,"Low",IF(E95<Bands!$B$5,"Medium",IF(E95<Bands!$B$6,"High","Very high")))) -> Medium | G95: =IF(F95="","",IFERROR(INDEX(Bands!$D$3:$D$6,MATCH(F95,Bands!$A$3:$A$6,0)),"")) -> Golden yellow with light brown at some edges or small spots | H95: =IF(F95="","",IFERROR(INDEX(Bands!$J$3:$J$6,MATCH(F95,Bands!$A$3:$A$6,0)),"")) -> Not pale yellow (matches a low value) and not deep reddish-brown (matches a high value). Avoid black or burnt chips. | I95: =IF(F95="","","Ch3_"&TEXT(COUNT($E$2:E95),"000")&"_"&SUBSTITUTE(F95," ","-")&"_"&TEXT(E95,"0")&".jpg") -> Ch3_091_Medium_789.jpg
... B100: 18 | C100: 0.9818 | D100: 54.078 | E100: =D100*10/C100 -> 550.80464 | F100: =IF(NOT(ISNUMBER(E100)),"",IF(E100<Bands!$B$4,"Low",IF(E100<Bands!$B$5,"Medium",IF(E100<Bands!$B$6,"High","Very high")))) -> Medium | G100: =IF(F100="","",IFERROR(INDEX(Bands!$D$3:$D$6,MATCH(F100,Bands!$A$3:$A$6,0)),"")) -> Golden yellow with light brown at some edges or small spots | H100: =IF(F100="","",IFERROR(INDEX(Bands!$J$3:$J$6,MATCH(F100,Bands!$A$3:$A$6,0)),"")) -> Not pale yellow (matches a low value) and not deep reddish-brown (matches a high value). Avoid black or burnt chips. | I100: =IF(F100="","","Ch3_"&TEXT(COUNT($E$2:E100),"000")&"_"&SUBSTITUTE(F100," ","-")&"_"&TEXT(E100,"0")&".jpg") -> Ch3_096_Medium_551.jpg
A102: 1st trial Lady Claire Basalt rock aggregates treated | B102: 1 | C102: 0.9739 | D102: 363.49518 | E102: 3732.3666 | F102: =IF(NOT(ISNUMBER(E102)),"",IF(E102<Bands!$B$4,"Low",IF(E102<Bands!$B$5,"Medium",IF(E102<Bands!$B$6,"High","Very high")))) -> Very high | G102: =IF(F102="","",IFERROR(INDEX(Bands!$D$3:$D$6,MATCH(F102,Bands!$A$3:$A$6,0)),"")) -> Deep golden-brown to medium brown with a reddish tone; edges darkest, centre golden or light brown | H102: =IF(F102="","",IFERROR(INDEX(Bands!$J$3:$J$6,MATCH(F102,Bands!$A$3:$A$6,0)),"")) -> Not pale yellow, which would match a low value, or black and burnt, since very dark chips can have lower acrylamide. | I102: =IF(F102="","","Ch3_"&TEXT(COUNT($E$2:E102),"000")&"_"&SUBSTITUTE(F102," ","-")&"_"&TEXT(E102,"0")&".jpg") -> Ch3_097_Very-high_3732.jpg
B103: 2 | C103: 0.986 | D103: 130.90258 | E103: 1327.6124 | F103: =IF(NOT(ISNUMBER(E103)),"",IF(E103<Bands!$B$4,"Low",IF(E103<Bands!$B$5,"Medium",IF(E103<Bands!$B$6,"High","Very high")))) -> High | G103: =IF(F103="","",IFERROR(INDEX(Bands!$D$3:$D$6,MATCH(F103,Bands!$A$3:$A$6,0)),"")) -> Golden-brown with a reddish tint, brown edges, somewhat uneven | H103: =IF(F103="","",IFERROR(INDEX(Bands!$J$3:$J$6,MATCH(F103,Bands!$A$3:$A$6,0)),"")) -> Not pale yellow, which would match a low value. Not black or burnt, since very dark chips can have lower acrylamide. | I103: =IF(F103="","","Ch3_"&TEXT(COUNT($E$2:E103),"000")&"_"&SUBSTITUTE(F103," ","-")&"_"&TEXT(E103,"0")&".jpg") -> Ch3_098_High_1328.jpg
B104: 3 | C104: 1.0285 | D104: 93.685234 | E104: 910.89192 | F104: =IF(NOT(ISNUMBER(E104)),"",IF(E104<Bands!$B$4,"Low",IF(E104<Bands!$B$5,"Medium",IF(E104<Bands!$B$6,"High","Very high")))) -> Medium | G104: =IF(F104="","",IFERROR(INDEX(Bands!$D$3:$D$6,MATCH(F104,Bands!$A$3:$A$6,0)),"")) -> Golden yellow with light brown at some edges or small spots | H104: =IF(F104="","",IFERROR(INDEX(Bands!$J$3:$J$6,MATCH(F104,Bands!$A$3:$A$6,0)),"")) -> Not pale yellow (matches a low value) and not deep reddish-brown (matches a high value). Avoid black or burnt chips. | I104: =IF(F104="","","Ch3_"&TEXT(COUNT($E$2:E104),"000")&"_"&SUBSTITUTE(F104," ","-")&"_"&TEXT(E104,"0")&".jpg") -> Ch3_099_Medium_911.jpg
B105: 4 | C105: 0.9706 | D105: 138.69931 | E105: 1429.0058 | F105: =IF(NOT(ISNUMBER(E105)),"",IF(E105<Bands!$B$4,"Low",IF(E105<Bands!$B$5,"Medium",IF(E105<Bands!$B$6,"High","Very high")))) -> High | G105: =IF(F105="","",IFERROR(INDEX(Bands!$D$3:$D$6,MATCH(F105,Bands!$A$3:$A$6,0)),"")) -> Golden-brown with a reddish tint, brown edges, somewhat uneven | H105: =IF(F105="","",IFERROR(INDEX(Bands!$J$3:$J$6,MATCH(F105,Bands!$A$3:$A$6,0)),"")) -> Not pale yellow, which would match a low value. Not black or burnt, since very dark chips can have lower acrylamide. | I105: =IF(F105="","","Ch3_"&TEXT(COUNT($E$2:E105),"000")&"_"&SUBSTITUTE(F105," ","-")&"_"&TEXT(E105,"0")&".jpg") -> Ch3_100_High_1429.jpg
B106: 5 | C106: 0.9676 | D106: 91.457278 | E106: 945.19717 | F106: =IF(NOT(ISNUMBER(E106)),"",IF(E106<Bands!$B$4,"Low",IF(E106<Bands!$B$5,"Medium",IF(E106<Bands!$B$6,"High","Very high")))) -> Medium | G106: =IF(F106="","",IFERROR(INDEX(Bands!$D$3:$D$6,MATCH(F106,Bands!$A$3:$A$6,0)),"")) -> Golden yellow with light brown at some edges or small spots | H106: =IF(F106="","",IFERROR(INDEX(Bands!$J$3:$J$6,MATCH(F106,Bands!$A$3:$A$6,0)),"")) -> Not pale yellow (matches a low value) and not deep reddish-brown (matches a high value). Avoid black or burnt chips. | I106: =IF(F106="","","Ch3_"&TEXT(COUNT($E$2:E106),"000")&"_"&SUBSTITUTE(F106," ","-")&"_"&TEXT(E106,"0")&".jpg") -> Ch3_101_Medium_945.jpg
B107: 6 | C107: 1.0302 | D107: 52.991757 | E107: 514.3832 | F107: =IF(NOT(ISNUMBER(E107)),"",IF(E107<Bands!$B$4,"Low",IF(E107<Bands!$B$5,"Medium",IF(E107<Bands!$B$6,"High","Very high")))) -> Medium | G107: =IF(F107="","",IFERROR(INDEX(Bands!$D$3:$D$6,MATCH(F107,Bands!$A$3:$A$6,0)),"")) -> Golden yellow with light brown at some edges or small spots | H107: =IF(F107="","",IFERROR(INDEX(Bands!$J$3:$J$6,MATCH(F107,Bands!$A$3:$A$6,0)),"")) -> Not pale yellow (matches a low value) and not deep reddish-brown (matches a high value). Avoid black or burnt chips. | I107: =IF(F107="","","Ch3_"&TEXT(COUNT($E$2:E107),"000")&"_"&SUBSTITUTE(F107," ","-")&"_"&TEXT(E107,"0")&".jpg") -> Ch3_102_Medium_514.jpg
B108: 7 | C108: 1.0079 | D108: 50.371597 | E108: 499.76781 | F108: =IF(NOT(ISNUMBER(E108)),"",IF(E108<Bands!$B$4,"Low",IF(E108<Bands!$B$5,"Medium",IF(E108<Bands!$B$6,"High","Very high")))) -> Low | G108: =IF(F108="","",IFERROR(INDEX(Bands!$D$3:$D$6,MATCH(F108,Bands!$A$3:$A$6,0)),"")) -> Pale yellow to light golden, even colour, no brown spots | H108: =IF(F108="","",IFERROR(INDEX(Bands!$J$3:$J$6,MATCH(F108,Bands!$A$3:$A$6,0)),"")) -> Not deep golden-brown or reddish-brown (those match higher values). Avoid black or burnt chips. | I108: =IF(F108="","","Ch3_"&TEXT(COUNT($E$2:E108),"000")&"_"&SUBSTITUTE(F108," ","-")&"_"&TEXT(E108,"0")&".jpg") -> Ch3_103_Low_500.jpg
B109: 8 | C109: 1.04 | D109: 28.15239 | E109: 270.69605 | F109: =IF(NOT(ISNUMBER(E109)),"",IF(E109<Bands!$B$4,"Low",IF(E109<Bands!$B$5,"Medium",IF(E109<Bands!$B$6,"High","Very high")))) -> Low | G109: =IF(F109="","",IFERROR(INDEX(Bands!$D$3:$D$6,MATCH(F109,Bands!$A$3:$A$6,0)),"")) -> Pale yellow to light golden, even colour, no brown spots | H109: =IF(F109="","",IFERROR(INDEX(Bands!$J$3:$J$6,MATCH(F109,Bands!$A$3:$A$6,0)),"")) -> Not deep golden-brown or reddish-brown (those match higher values). Avoid black or burnt chips. | I109: =IF(F109="","","Ch3_"&TEXT(COUNT($E$2:E109),"000")&"_"&SUBSTITUTE(F109," ","-")&"_"&TEXT(E109,"0")&".jpg") -> Ch3_104_Low_271.jpg
B110: 9 | C110: 1.0103 | D110: 31.312286 | E110: 309.93058 | F110: =IF(NOT(ISNUMBER(E110)),"",IF(E110<Bands!$B$4,"Low",IF(E110<Bands!$B$5,"Medium",IF(E110<Bands!$B$6,"High","Very high")))) -> Low | G110: =IF(F110="","",IFERROR(INDEX(Bands!$D$3:$D$6,MATCH(F110,Bands!$A$3:$A$6,0)),"")) -> Pale yellow to light golden, even colour, no brown spots | H110: =IF(F110="","",IFERROR(INDEX(Bands!$J$3:$J$6,MATCH(F110,Bands!$A$3:$A$6,0)),"")) -> Not deep golden-brown or reddish-brown (those match higher values). Avoid black or burnt chips. | I110: =IF(F110="","","Ch3_"&TEXT(COUNT($E$2:E110),"000")&"_"&SUBSTITUTE(F110," ","-")&"_"&TEXT(E110,"0")&".jpg") -> Ch3_105_Low_310.jpg
B111: 10 | C111: 1.0194 | D111: 62.432929 | E111: 612.4478 | F111: =IF(NOT(ISNUMBER(E111)),"",IF(E111<Bands!$B$4,"Low",IF(E111<Bands!$B$5,"Medium",IF(E111<Bands!$B$6,"High","Very high")))) -> Medium | G111: =IF(F111="","",IFERROR(INDEX(Bands!$D$3:$D$6,MATCH(F111,Bands!$A$3:$A$6,0)),"")) -> Golden yellow with light brown at some edges or small spots | H111: =IF(F111="","",IFERROR(INDEX(Bands!$J$3:$J$6,MATCH(F111,Bands!$A$3:$A$6,0)),"")) -> Not pale yellow (matches a low value) and not deep reddish-brown (matches a high value). Avoid black or burnt chips. | I111: =IF(F111="","","Ch3_"&TEXT(COUNT($E$2:E111),"000")&"_"&SUBSTITUTE(F111," ","-")&"_"&TEXT(E111,"0")&".jpg") -> Ch3_106_Medium_612.jpg
B112: 11 | C112: 1.0171 | D112: 67.147942 | E112: 660.19017 | F112: =IF(NOT(ISNUMBER(E112)),"",IF(E112<Bands!$B$4,"Low",IF(E112<Bands!$B$5,"Medium",IF(E112<Bands!$B$6,"High","Very high")))) -> Medium | G112: =IF(F112="","",IFERROR(INDEX(Bands!$D$3:$D$6,MATCH(F112,Bands!$A$3:$A$6,0)),"")) -> Golden yellow with light brown at some edges or small spots | H112: =IF(F112="","",IFERROR(INDEX(Bands!$J$3:$J$6,MATCH(F112,Bands!$A$3:$A$6,0)),"")) -> Not pale yellow (matches a low value) and not deep reddish-brown (matches a high value). Avoid black or burnt chips. | I112: =IF(F112="","","Ch3_"&TEXT(COUNT($E$2:E112),"000")&"_"&SUBSTITUTE(F112," ","-")&"_"&TEXT(E112,"0")&".jpg") -> Ch3_107_Medium_660.jpg
B113: 12 | C113: 1.0118 | D113: 58.237715 | E113: 575.58524 | F113: =IF(NOT(ISNUMBER(E113)),"",IF(E113<Bands!$B$4,"Low",IF(E113<Bands!$B$5,"Medium",IF(E113<Bands!$B$6,"High","Very high")))) -> Medium | G113: =IF(F113="","",IFERROR(INDEX(Bands!$D$3:$D$6,MATCH(F113,Bands!$A$3:$A$6,0)),"")) -> Golden yellow with light brown at some edges or small spots | H113: =IF(F113="","",IFERROR(INDEX(Bands!$J$3:$J$6,MATCH(F113,Bands!$A$3:$A$6,0)),"")) -> Not pale yellow (matches a low value) and not deep reddish-brown (matches a high value). Avoid black or burnt chips. | I113: =IF(F113="","","Ch3_"&TEXT(COUNT($E$2:E113),"000")&"_"&SUBSTITUTE(F113," ","-")&"_"&TEXT(E113,"0")&".jpg") -> Ch3_108_Medium_576.jpg
B114: 13 | C114: 1.002 | D114: 158.93879 | E114: 1586.2154 | F114: =IF(NOT(ISNUMBER(E114)),"",IF(E114<Bands!$B$4,"Low",IF(E114<Bands!$B$5,"Medium",IF(E114<Bands!$B$6,"High","Very high")))) -> High | G114: =IF(F114="","",IFERROR(INDEX(Bands!$D$3:$D$6,MATCH(F114,Bands!$A$3:$A$6,0)),"")) -> Golden-brown with a reddish tint, brown edges, somewhat uneven | H114: =IF(F114="","",IFERROR(INDEX(Bands!$J$3:$J$6,MATCH(F114,Bands!$A$3:$A$6,0)),"")) -> Not pale yellow, which would match a low value. Not black or burnt, since very dark chips can have lower acrylamide. | I114: =IF(F114="","","Ch3_"&TEXT(COUNT($E$2:E114),"000")&"_"&SUBSTITUTE(F114," ","-")&"_"&TEXT(E114,"0")&".jpg") -> Ch3_109_High_1586.jpg
... B125: 24 | C125: 1.0498 | D125: 77.055211 | E125: 733.99897 | F125: =IF(NOT(ISNUMBER(E125)),"",IF(E125<Bands!$B$4,"Low",IF(E125<Bands!$B$5,"Medium",IF(E125<Bands!$B$6,"High","Very high")))) -> Medium | G125: =IF(F125="","",IFERROR(INDEX(Bands!$D$3:$D$6,MATCH(F125,Bands!$A$3:$A$6,0)),"")) -> Golden yellow with light brown at some edges or small spots | H125: =IF(F125="","",IFERROR(INDEX(Bands!$J$3:$J$6,MATCH(F125,Bands!$A$3:$A$6,0)),"")) -> Not pale yellow (matches a low value) and not deep reddish-brown (matches a high value). Avoid black or burnt chips. | I125: =IF(F125="","","Ch3_"&TEXT(COUNT($E$2:E125),"000")&"_"&SUBSTITUTE(F125," ","-")&"_"&TEXT(E125,"0")&".jpg") -> Ch3_120_Medium_734.jpg
A127: 1st trial Lady Claire Basalt rock aggregates controls | B127: 1 | C127: 1.0332 | D127: 274.25307 | E127: 2654.4045 | F127: =IF(NOT(ISNUMBER(E127)),"",IF(E127<Bands!$B$4,"Low",IF(E127<Bands!$B$5,"Medium",IF(E127<Bands!$B$6,"High","Very high")))) -> Very high | G127: =IF(F127="","",IFERROR(INDEX(Bands!$D$3:$D$6,MATCH(F127,Bands!$A$3:$A$6,0)),"")) -> Deep golden-brown to medium brown with a reddish tone; edges darkest, centre golden or light brown | H127: =IF(F127="","",IFERROR(INDEX(Bands!$J$3:$J$6,MATCH(F127,Bands!$A$3:$A$6,0)),"")) -> Not pale yellow, which would match a low value, or black and burnt, since very dark chips can have lower acrylamide. | I127: =IF(F127="","","Ch3_"&TEXT(COUNT($E$2:E127),"000")&"_"&SUBSTITUTE(F127," ","-")&"_"&TEXT(E127,"0")&".jpg") -> Ch3_121_Very-high_2654.jpg
B128: 2 | C128: 0.9874 | D128: 17.097592 | E128: 173.15771 | F128: =IF(NOT(ISNUMBER(E128)),"",IF(E128<Bands!$B$4,"Low",IF(E128<Bands!$B$5,"Medium",IF(E128<Bands!$B$6,"High","Very high")))) -> Low | G128: =IF(F128="","",IFERROR(INDEX(Bands!$D$3:$D$6,MATCH(F128,Bands!$A$3:$A$6,0)),"")) -> Pale yellow to light golden, even colour, no brown spots | H128: =IF(F128="","",IFERROR(INDEX(Bands!$J$3:$J$6,MATCH(F128,Bands!$A$3:$A$6,0)),"")) -> Not deep golden-brown or reddish-brown (those match higher values). Avoid black or burnt chips. | I128: =IF(F128="","","Ch3_"&TEXT(COUNT($E$2:E128),"000")&"_"&SUBSTITUTE(F128," ","-")&"_"&TEXT(E128,"0")&".jpg") -> Ch3_122_Low_173.jpg
B129: 3 | C129: 0.983 | D129: 59.007356 | E129: 600.27829 | F129: =IF(NOT(ISNUMBER(E129)),"",IF(E129<Bands!$B$4,"Low",IF(E129<Bands!$B$5,"Medium",IF(E129<Bands!$B$6,"High","Very high")))) -> Medium | G129: =IF(F129="","",IFERROR(INDEX(Bands!$D$3:$D$6,MATCH(F129,Bands!$A$3:$A$6,0)),"")) -> Golden yellow with light brown at some edges or small spots | H129: =IF(F129="","",IFERROR(INDEX(Bands!$J$3:$J$6,MATCH(F129,Bands!$A$3:$A$6,0)),"")) -> Not pale yellow (matches a low value) and not deep reddish-brown (matches a high value). Avoid black or burnt chips. | I129: =IF(F129="","","Ch3_"&TEXT(COUNT($E$2:E129),"000")&"_"&SUBSTITUTE(F129," ","-")&"_"&TEXT(E129,"0")&".jpg") -> Ch3_123_Medium_600.jpg
B130: 4 | C130: 0.9788 | D130: 67.239818 | E130: 686.96177 | F130: =IF(NOT(ISNUMBER(E130)),"",IF(E130<Bands!$B$4,"Low",IF(E130<Bands!$B$5,"Medium",IF(E130<Bands!$B$6,"High","Very high")))) -> Medium | G130: =IF(F130="","",IFERROR(INDEX(Bands!$D$3:$D$6,MATCH(F130,Bands!$A$3:$A$6,0)),"")) -> Golden yellow with light brown at some edges or small spots | H130: =IF(F130="","",IFERROR(INDEX(Bands!$J$3:$J$6,MATCH(F130,Bands!$A$3:$A$6,0)),"")) -> Not pale yellow (matches a low value) and not deep reddish-brown (matches a high value). Avoid black or burnt chips. | I130: =IF(F130="","","Ch3_"&TEXT(COUNT($E$2:E130),"000")&"_"&SUBSTITUTE(F130," ","-")&"_"&TEXT(E130,"0")&".jpg") -> Ch3_124_Medium_687.jpg
B131: 5 | C131: 1.017 | D131: 83.47104 | E131: 820.75753 | F131: =IF(NOT(ISNUMBER(E131)),"",IF(E131<Bands!$B$4,"Low",IF(E131<Bands!$B$5,"Medium",IF(E131<Bands!$B$6,"High","Very high")))) -> Medium | G131: =IF(F131="","",IFERROR(INDEX(Bands!$D$3:$D$6,MATCH(F131,Bands!$A$3:$A$6,0)),"")) -> Golden yellow with light brown at some edges or small spots | H131: =IF(F131="","",IFERROR(INDEX(Bands!$J$3:$J$6,MATCH(F131,Bands!$A$3:$A$6,0)),"")) -> Not pale yellow (matches a low value) and not deep reddish-brown (matches a high value). Avoid black or burnt chips. | I131: =IF(F131="","","Ch3_"&TEXT(COUNT($E$2:E131),"000")&"_"&SUBSTITUTE(F131," ","-")&"_"&TEXT(E131,"0")&".jpg") -> Ch3_125_Medium_821.jpg
B132: 6 | C132: 0.9899 | D132: 79.844446 | E132: 806.59103 | F132: =IF(NOT(ISNUMBER(E132)),"",IF(E132<Bands!$B$4,"Low",IF(E132<Bands!$B$5,"Medium",IF(E132<Bands!$B$6,"High","Very high")))) -> Medium | G132: =IF(F132="","",IFERROR(INDEX(Bands!$D$3:$D$6,MATCH(F132,Bands!$A$3:$A$6,0)),"")) -> Golden yellow with light brown at some edges or small spots | H132: =IF(F132="","",IFERROR(INDEX(Bands!$J$3:$J$6,MATCH(F132,Bands!$A$3:$A$6,0)),"")) -> Not pale yellow (matches a low value) and not deep reddish-brown (matches a high value). Avoid black or burnt chips. | I132: =IF(F132="","","Ch3_"&TEXT(COUNT($E$2:E132),"000")&"_"&SUBSTITUTE(F132," ","-")&"_"&TEXT(E132,"0")&".jpg") -> Ch3_126_Medium_807.jpg
B133: 7 | C133: 0.9702 | D133: 95.866437 | E133: 988.11005 | F133: =IF(NOT(ISNUMBER(E133)),"",IF(E133<Bands!$B$4,"Low",IF(E133<Bands!$B$5,"Medium",IF(E133<Bands!$B$6,"High","Very high")))) -> Medium | G133: =IF(F133="","",IFERROR(INDEX(Bands!$D$3:$D$6,MATCH(F133,Bands!$A$3:$A$6,0)),"")) -> Golden yellow with light brown at some edges or small spots | H133: =IF(F133="","",IFERROR(INDEX(Bands!$J$3:$J$6,MATCH(F133,Bands!$A$3:$A$6,0)),"")) -> Not pale yellow (matches a low value) and not deep reddish-brown (matches a high value). Avoid black or burnt chips. | I133: =IF(F133="","","Ch3_"&TEXT(COUNT($E$2:E133),"000")&"_"&SUBSTITUTE(F133," ","-")&"_"&TEXT(E133,"0")&".jpg") -> Ch3_127_Medium_988.jpg
B134: 8 | C134: 1.026 | D134: 185.44482 | E134: 1807.4544 | F134: =IF(NOT(ISNUMBER(E134)),"",IF(E134<Bands!$B$4,"Low",IF(E134<Bands!$B$5,"Medium",IF(E134<Bands!$B$6,"High","Very high")))) -> High | G134: =IF(F134="","",IFERROR(INDEX(Bands!$D$3:$D$6,MATCH(F134,Bands!$A$3:$A$6,0)),"")) -> Golden-brown with a reddish tint, brown edges, somewhat uneven | H134: =IF(F134="","",IFERROR(INDEX(Bands!$J$3:$J$6,MATCH(F134,Bands!$A$3:$A$6,0)),"")) -> Not pale yellow, which would match a low value. Not black or burnt, since very dark chips can have lower acrylamide. | I134: =IF(F134="","","Ch3_"&TEXT(COUNT($E$2:E134),"000")&"_"&SUBSTITUTE(F134," ","-")&"_"&TEXT(E134,"0")&".jpg") -> Ch3_128_High_1807.jpg
B135: 9 | C135: 1.0115 | D135: 120.73109 | E135: 1193.5847 | F135: =IF(NOT(ISNUMBER(E135)),"",IF(E135<Bands!$B$4,"Low",IF(E135<Bands!$B$5,"Medium",IF(E135<Bands!$B$6,"High","Very high")))) -> High | G135: =IF(F135="","",IFERROR(INDEX(Bands!$D$3:$D$6,MATCH(F135,Bands!$A$3:$A$6,0)),"")) -> Golden-brown with a reddish tint, brown edges, somewhat uneven | H135: =IF(F135="","",IFERROR(INDEX(Bands!$J$3:$J$6,MATCH(F135,Bands!$A$3:$A$6,0)),"")) -> Not pale yellow, which would match a low value. Not black or burnt, since very dark chips can have lower acrylamide. | I135: =IF(F135="","","Ch3_"&TEXT(COUNT($E$2:E135),"000")&"_"&SUBSTITUTE(F135," ","-")&"_"&TEXT(E135,"0")&".jpg") -> Ch3_129_High_1194.jpg
B136: 10 | C136: 1.0358 | D136: 103.53744 | E136: 999.5891 | F136: =IF(NOT(ISNUMBER(E136)),"",IF(E136<Bands!$B$4,"Low",IF(E136<Bands!$B$5,"Medium",IF(E136<Bands!$B$6,"High","Very high")))) -> Medium | G136: =IF(F136="","",IFERROR(INDEX(Bands!$D$3:$D$6,MATCH(F136,Bands!$A$3:$A$6,0)),"")) -> Golden yellow with light brown at some edges or small spots | H136: =IF(F136="","",IFERROR(INDEX(Bands!$J$3:$J$6,MATCH(F136,Bands!$A$3:$A$6,0)),"")) -> Not pale yellow (matches a low value) and not deep reddish-brown (matches a high value). Avoid black or burnt chips. | I136: =IF(F136="","","Ch3_"&TEXT(COUNT($E$2:E136),"000")&"_"&SUBSTITUTE(F136," ","-")&"_"&TEXT(E136,"0")&".jpg") -> Ch3_130_Medium_1000.jpg
B137: 11 | C137: 1.0221 | D137: 87.007777 | E137: 851.26482 | F137: =IF(NOT(ISNUMBER(E137)),"",IF(E137<Bands!$B$4,"Low",IF(E137<Bands!$B$5,"Medium",IF(E137<Bands!$B$6,"High","Very high")))) -> Medium | G137: =IF(F137="","",IFERROR(INDEX(Bands!$D$3:$D$6,MATCH(F137,Bands!$A$3:$A$6,0)),"")) -> Golden yellow with light brown at some edges or small spots | H137: =IF(F137="","",IFERROR(INDEX(Bands!$J$3:$J$6,MATCH(F137,Bands!$A$3:$A$6,0)),"")) -> Not pale yellow (matches a low value) and not deep reddish-brown (matches a high value). Avoid black or burnt chips. | I137: =IF(F137="","","Ch3_"&TEXT(COUNT($E$2:E137),"000")&"_"&SUBSTITUTE(F137," ","-")&"_"&TEXT(E137,"0")&".jpg") -> Ch3_131_Medium_851.jpg
B138: 12 | C138: 1.0146 | D138: 94.039626 | E138: 926.86405 | F138: =IF(NOT(ISNUMBER(E138)),"",IF(E138<Bands!$B$4,"Low",IF(E138<Bands!$B$5,"Medium",IF(E138<Bands!$B$6,"High","Very high")))) -> Medium | G138: =IF(F138="","",IFERROR(INDEX(Bands!$D$3:$D$6,MATCH(F138,Bands!$A$3:$A$6,0)),"")) -> Golden yellow with light brown at some edges or small spots | H138: =IF(F138="","",IFERROR(INDEX(Bands!$J$3:$J$6,MATCH(F138,Bands!$A$3:$A$6,0)),"")) -> Not pale yellow (matches a low value) and not deep reddish-brown (matches a high value). Avoid black or burnt chips. | I138: =IF(F138="","","Ch3_"&TEXT(COUNT($E$2:E138),"000")&"_"&SUBSTITUTE(F138," ","-")&"_"&TEXT(E138,"0")&".jpg") -> Ch3_132_Medium_927.jpg
B139: 13 | C139: 0.9705 | D139: 43.664662 | E139: 449.91923 | F139: =IF(NOT(ISNUMBER(E139)),"",IF(E139<Bands!$B$4,"Low",IF(E139<Bands!$B$5,"Medium",IF(E139<Bands!$B$6,"High","Very high")))) -> Low | G139: =IF(F139="","",IFERROR(INDEX(Bands!$D$3:$D$6,MATCH(F139,Bands!$A$3:$A$6,0)),"")) -> Pale yellow to light golden, even colour, no brown spots | H139: =IF(F139="","",IFERROR(INDEX(Bands!$J$3:$J$6,MATCH(F139,Bands!$A$3:$A$6,0)),"")) -> Not deep golden-brown or reddish-brown (those match higher values). Avoid black or burnt chips. | I139: =IF(F139="","","Ch3_"&TEXT(COUNT($E$2:E139),"000")&"_"&SUBSTITUTE(F139," ","-")&"_"&TEXT(E139,"0")&".jpg") -> Ch3_133_Low_450.jpg
... B149: 23 | C149: 0.9907 | D149: 79.186352 | E149: 799.29698 | F149: =IF(NOT(ISNUMBER(E149)),"",IF(E149<Bands!$B$4,"Low",IF(E149<Bands!$B$5,"Medium",IF(E149<Bands!$B$6,"High","Very high")))) -> Medium | G149: =IF(F149="","",IFERROR(INDEX(Bands!$D$3:$D$6,MATCH(F149,Bands!$A$3:$A$6,0)),"")) -> Golden yellow with light brown at some edges or small spots | H149: =IF(F149="","",IFERROR(INDEX(Bands!$J$3:$J$6,MATCH(F149,Bands!$A$3:$A$6,0)),"")) -> Not pale yellow (matches a low value) and not deep reddish-brown (matches a high value). Avoid black or burnt chips. | I149: =IF(F149="","","Ch3_"&TEXT(COUNT($E$2:E149),"000")&"_"&SUBSTITUTE(F149," ","-")&"_"&TEXT(E149,"0")&".jpg") -> Ch3_143_Medium_799.jpg
A151: 1st trial Taurus Basalt rock aggregates treated | B151: 1 | C151: 1.0089 | D151: 368.30015 | E151: 3650.512 | F151: =IF(NOT(ISNUMBER(E151)),"",IF(E151<Bands!$B$4,"Low",IF(E151<Bands!$B$5,"Medium",IF(E151<Bands!$B$6,"High","Very high")))) -> Very high | G151: =IF(F151="","",IFERROR(INDEX(Bands!$D$3:$D$6,MATCH(F151,Bands!$A$3:$A$6,0)),"")) -> Deep golden-brown to medium brown with a reddish tone; edges darkest, centre golden or light brown | H151: =IF(F151="","",IFERROR(INDEX(Bands!$J$3:$J$6,MATCH(F151,Bands!$A$3:$A$6,0)),"")) -> Not pale yellow, which would match a low value, or black and burnt, since very dark chips can have lower acrylamide. | I151: =IF(F151="","","Ch3_"&TEXT(COUNT($E$2:E151),"000")&"_"&SUBSTITUTE(F151," ","-")&"_"&TEXT(E151,"0")&".jpg") -> Ch3_144_Very-high_3651.jpg
B152: 2 | C152: 1.0452 | D152: 57.40096 | E152: 549.18638 | F152: =IF(NOT(ISNUMBER(E152)),"",IF(E152<Bands!$B$4,"Low",IF(E152<Bands!$B$5,"Medium",IF(E152<Bands!$B$6,"High","Very high")))) -> Medium | G152: =IF(F152="","",IFERROR(INDEX(Bands!$D$3:$D$6,MATCH(F152,Bands!$A$3:$A$6,0)),"")) -> Golden yellow with light brown at some edges or small spots | H152: =IF(F152="","",IFERROR(INDEX(Bands!$J$3:$J$6,MATCH(F152,Bands!$A$3:$A$6,0)),"")) -> Not pale yellow (matches a low value) and not deep reddish-brown (matches a high value). Avoid black or burnt chips. | I152: =IF(F152="","","Ch3_"&TEXT(COUNT($E$2:E152),"000")&"_"&SUBSTITUTE(F152," ","-")&"_"&TEXT(E152,"0")&".jpg") -> Ch3_145_Medium_549.jpg
B153: 3 | C153: 1.0086 | D153: 174.63636 | E153: 1731.4729 | F153: =IF(NOT(ISNUMBER(E153)),"",IF(E153<Bands!$B$4,"Low",IF(E153<Bands!$B$5,"Medium",IF(E153<Bands!$B$6,"High","Very high")))) -> High | G153: =IF(F153="","",IFERROR(INDEX(Bands!$D$3:$D$6,MATCH(F153,Bands!$A$3:$A$6,0)),"")) -> Golden-brown with a reddish tint, brown edges, somewhat uneven | H153: =IF(F153="","",IFERROR(INDEX(Bands!$J$3:$J$6,MATCH(F153,Bands!$A$3:$A$6,0)),"")) -> Not pale yellow, which would match a low value. Not black or burnt, since very dark chips can have lower acrylamide. | I153: =IF(F153="","","Ch3_"&TEXT(COUNT($E$2:E153),"000")&"_"&SUBSTITUTE(F153," ","-")&"_"&TEXT(E153,"0")&".jpg") -> Ch3_146_High_1731.jpg
B154: 4 | C154: 0.9778 | D154: 241.02015 | E154: 2464.9228 | F154: =IF(NOT(ISNUMBER(E154)),"",IF(E154<Bands!$B$4,"Low",IF(E154<Bands!$B$5,"Medium",IF(E154<Bands!$B$6,"High","Very high")))) -> Very high | G154: =IF(F154="","",IFERROR(INDEX(Bands!$D$3:$D$6,MATCH(F154,Bands!$A$3:$A$6,0)),"")) -> Deep golden-brown to medium brown with a reddish tone; edges darkest, centre golden or light brown | H154: =IF(F154="","",IFERROR(INDEX(Bands!$J$3:$J$6,MATCH(F154,Bands!$A$3:$A$6,0)),"")) -> Not pale yellow, which would match a low value, or black and burnt, since very dark chips can have lower acrylamide. | I154: =IF(F154="","","Ch3_"&TEXT(COUNT($E$2:E154),"000")&"_"&SUBSTITUTE(F154," ","-")&"_"&TEXT(E154,"0")&".jpg") -> Ch3_147_Very-high_2465.jpg
B155: 5 | C155: 0.9796 | D155: 103.58652 | E155: 1057.4369 | F155: =IF(NOT(ISNUMBER(E155)),"",IF(E155<Bands!$B$4,"Low",IF(E155<Bands!$B$5,"Medium",IF(E155<Bands!$B$6,"High","Very high")))) -> High | G155: =IF(F155="","",IFERROR(INDEX(Bands!$D$3:$D$6,MATCH(F155,Bands!$A$3:$A$6,0)),"")) -> Golden-brown with a reddish tint, brown edges, somewhat uneven | H155: =IF(F155="","",IFERROR(INDEX(Bands!$J$3:$J$6,MATCH(F155,Bands!$A$3:$A$6,0)),"")) -> Not pale yellow, which would match a low value. Not black or burnt, since very dark chips can have lower acrylamide. | I155: =IF(F155="","","Ch3_"&TEXT(COUNT($E$2:E155),"000")&"_"&SUBSTITUTE(F155," ","-")&"_"&TEXT(E155,"0")&".jpg") -> Ch3_148_High_1057.jpg
B156: 6 | C156: 0.9951 | D156: 80.134286 | E156: 805.28877 | F156: =IF(NOT(ISNUMBER(E156)),"",IF(E156<Bands!$B$4,"Low",IF(E156<Bands!$B$5,"Medium",IF(E156<Bands!$B$6,"High","Very high")))) -> Medium | G156: =IF(F156="","",IFERROR(INDEX(Bands!$D$3:$D$6,MATCH(F156,Bands!$A$3:$A$6,0)),"")) -> Golden yellow with light brown at some edges or small spots | H156: =IF(F156="","",IFERROR(INDEX(Bands!$J$3:$J$6,MATCH(F156,Bands!$A$3:$A$6,0)),"")) -> Not pale yellow (matches a low value) and not deep reddish-brown (matches a high value). Avoid black or burnt chips. | I156: =IF(F156="","","Ch3_"&TEXT(COUNT($E$2:E156),"000")&"_"&SUBSTITUTE(F156," ","-")&"_"&TEXT(E156,"0")&".jpg") -> Ch3_149_Medium_805.jpg
B157: 7 | C157: 0.9612 | D157: 96.481143 | E157: 1003.7572 | F157: =IF(NOT(ISNUMBER(E157)),"",IF(E157<Bands!$B$4,"Low",IF(E157<Bands!$B$5,"Medium",IF(E157<Bands!$B$6,"High","Very high")))) -> High | G157: =IF(F157="","",IFERROR(INDEX(Bands!$D$3:$D$6,MATCH(F157,Bands!$A$3:$A$6,0)),"")) -> Golden-brown with a reddish tint, brown edges, somewhat uneven | H157: =IF(F157="","",IFERROR(INDEX(Bands!$J$3:$J$6,MATCH(F157,Bands!$A$3:$A$6,0)),"")) -> Not pale yellow, which would match a low value. Not black or burnt, since very dark chips can have lower acrylamide. | I157: =IF(F157="","","Ch3_"&TEXT(COUNT($E$2:E157),"000")&"_"&SUBSTITUTE(F157," ","-")&"_"&TEXT(E157,"0")&".jpg") -> Ch3_150_High_1004.jpg
B158: 8 | C158: 1.0233 | D158: 82.01095 | E158: 801.43604 | F158: =IF(NOT(ISNUMBER(E158)),"",IF(E158<Bands!$B$4,"Low",IF(E158<Bands!$B$5,"Medium",IF(E158<Bands!$B$6,"High","Very high")))) -> Medium | G158: =IF(F158="","",IFERROR(INDEX(Bands!$D$3:$D$6,MATCH(F158,Bands!$A$3:$A$6,0)),"")) -> Golden yellow with light brown at some edges or small spots | H158: =IF(F158="","",IFERROR(INDEX(Bands!$J$3:$J$6,MATCH(F158,Bands!$A$3:$A$6,0)),"")) -> Not pale yellow (matches a low value) and not deep reddish-brown (matches a high value). Avoid black or burnt chips. | I158: =IF(F158="","","Ch3_"&TEXT(COUNT($E$2:E158),"000")&"_"&SUBSTITUTE(F158," ","-")&"_"&TEXT(E158,"0")&".jpg") -> Ch3_151_Medium_801.jpg
B159: 9 | C159: 1.0018 | D159: 101.17618 | E159: 1009.9439 | F159: =IF(NOT(ISNUMBER(E159)),"",IF(E159<Bands!$B$4,"Low",IF(E159<Bands!$B$5,"Medium",IF(E159<Bands!$B$6,"High","Very high")))) -> High | G159: =IF(F159="","",IFERROR(INDEX(Bands!$D$3:$D$6,MATCH(F159,Bands!$A$3:$A$6,0)),"")) -> Golden-brown with a reddish tint, brown edges, somewhat uneven | H159: =IF(F159="","",IFERROR(INDEX(Bands!$J$3:$J$6,MATCH(F159,Bands!$A$3:$A$6,0)),"")) -> Not pale yellow, which would match a low value. Not black or burnt, since very dark chips can have lower acrylamide. | I159: =IF(F159="","","Ch3_"&TEXT(COUNT($E$2:E159),"000")&"_"&SUBSTITUTE(F159," ","-")&"_"&TEXT(E159,"0")&".jpg") -> Ch3_152_High_1010.jpg
B160: 10 | C160: 0.9946 | D160: 34.703478 | E160: 348.91894 | F160: =IF(NOT(ISNUMBER(E160)),"",IF(E160<Bands!$B$4,"Low",IF(E160<Bands!$B$5,"Medium",IF(E160<Bands!$B$6,"High","Very high")))) -> Low | G160: =IF(F160="","",IFERROR(INDEX(Bands!$D$3:$D$6,MATCH(F160,Bands!$A$3:$A$6,0)),"")) -> Pale yellow to light golden, even colour, no brown spots | H160: =IF(F160="","",IFERROR(INDEX(Bands!$J$3:$J$6,MATCH(F160,Bands!$A$3:$A$6,0)),"")) -> Not deep golden-brown or reddish-brown (those match higher values). Avoid black or burnt chips. | I160: =IF(F160="","","Ch3_"&TEXT(COUNT($E$2:E160),"000")&"_"&SUBSTITUTE(F160," ","-")&"_"&TEXT(E160,"0")&".jpg") -> Ch3_153_Low_349.jpg
B161: 11 | C161: 0.995 | D161: 62.082634 | E161: 623.94607 | F161: =IF(NOT(ISNUMBER(E161)),"",IF(E161<Bands!$B$4,"Low",IF(E161<Bands!$B$5,"Medium",IF(E161<Bands!$B$6,"High","Very high")))) -> Medium | G161: =IF(F161="","",IFERROR(INDEX(Bands!$D$3:$D$6,MATCH(F161,Bands!$A$3:$A$6,0)),"")) -> Golden yellow with light brown at some edges or small spots | H161: =IF(F161="","",IFERROR(INDEX(Bands!$J$3:$J$6,MATCH(F161,Bands!$A$3:$A$6,0)),"")) -> Not pale yellow (matches a low value) and not deep reddish-brown (matches a high value). Avoid black or burnt chips. | I161: =IF(F161="","","Ch3_"&TEXT(COUNT($E$2:E161),"000")&"_"&SUBSTITUTE(F161," ","-")&"_"&TEXT(E161,"0")&".jpg") -> Ch3_154_Medium_624.jpg
B162: 12 | C162: 1.023 | D162: 50.935988 | E162: 497.90799 | F162: =IF(NOT(ISNUMBER(E162)),"",IF(E162<Bands!$B$4,"Low",IF(E162<Bands!$B$5,"Medium",IF(E162<Bands!$B$6,"High","Very high")))) -> Low | G162: =IF(F162="","",IFERROR(INDEX(Bands!$D$3:$D$6,MATCH(F162,Bands!$A$3:$A$6,0)),"")) -> Pale yellow to light golden, even colour, no brown spots | H162: =IF(F162="","",IFERROR(INDEX(Bands!$J$3:$J$6,MATCH(F162,Bands!$A$3:$A$6,0)),"")) -> Not deep golden-brown or reddish-brown (those match higher values). Avoid black or burnt chips. | I162: =IF(F162="","","Ch3_"&TEXT(COUNT($E$2:E162),"000")&"_"&SUBSTITUTE(F162," ","-")&"_"&TEXT(E162,"0")&".jpg") -> Ch3_155_Low_498.jpg
B163: 13 | C163: 1.0545 | D163: 111.94501 | E163: 1061.5932 | F163: =IF(NOT(ISNUMBER(E163)),"",IF(E163<Bands!$B$4,"Low",IF(E163<Bands!$B$5,"Medium",IF(E163<Bands!$B$6,"High","Very high")))) -> High | G163: =IF(F163="","",IFERROR(INDEX(Bands!$D$3:$D$6,MATCH(F163,Bands!$A$3:$A$6,0)),"")) -> Golden-brown with a reddish tint, brown edges, somewhat uneven | H163: =IF(F163="","",IFERROR(INDEX(Bands!$J$3:$J$6,MATCH(F163,Bands!$A$3:$A$6,0)),"")) -> Not pale yellow, which would match a low value. Not black or burnt, since very dark chips can have lower acrylamide. | I163: =IF(F163="","","Ch3_"&TEXT(COUNT($E$2:E163),"000")&"_"&SUBSTITUTE(F163," ","-")&"_"&TEXT(E163,"0")&".jpg") -> Ch3_156_High_1062.jpg
... B174: 24 | C174: 1.0322 | D174: 56.11942 | E174: 543.68746 | F174: =IF(NOT(ISNUMBER(E174)),"",IF(E174<Bands!$B$4,"Low",IF(E174<Bands!$B$5,"Medium",IF(E174<Bands!$B$6,"High","Very high")))) -> Medium | G174: =IF(F174="","",IFERROR(INDEX(Bands!$D$3:$D$6,MATCH(F174,Bands!$A$3:$A$6,0)),"")) -> Golden yellow with light brown at some edges or small spots | H174: =IF(F174="","",IFERROR(INDEX(Bands!$J$3:$J$6,MATCH(F174,Bands!$A$3:$A$6,0)),"")) -> Not pale yellow (matches a low value) and not deep reddish-brown (matches a high value). Avoid black or burnt chips. | I174: =IF(F174="","","Ch3_"&TEXT(COUNT($E$2:E174),"000")&"_"&SUBSTITUTE(F174," ","-")&"_"&TEXT(E174,"0")&".jpg") -> Ch3_167_Medium_544.jpg
A176: 1st trial Taurus Basalt rock aggregates controls | B176: 1 | C176: 1.0092 | D176: 43.866964 | E176: 434.67067 | F176: =IF(NOT(ISNUMBER(E176)),"",IF(E176<Bands!$B$4,"Low",IF(E176<Bands!$B$5,"Medium",IF(E176<Bands!$B$6,"High","Very high")))) -> Low | G176: =IF(F176="","",IFERROR(INDEX(Bands!$D$3:$D$6,MATCH(F176,Bands!$A$3:$A$6,0)),"")) -> Pale yellow to light golden, even colour, no brown spots | H176: =IF(F176="","",IFERROR(INDEX(Bands!$J$3:$J$6,MATCH(F176,Bands!$A$3:$A$6,0)),"")) -> Not deep golden-brown or reddish-brown (those match higher values). Avoid black or burnt chips. | I176: =IF(F176="","","Ch3_"&TEXT(COUNT($E$2:E176),"000")&"_"&SUBSTITUTE(F176," ","-")&"_"&TEXT(E176,"0")&".jpg") -> Ch3_168_Low_435.jpg
...

Sheet Chapter 4
A1: 1st trial | B1: Days after treatment | C1: Cultivar/Condition | D1: Sample | E1: Mass (g) | F1: Acrylamide in vial (ppb) | G1: Acrylamide in sample (µg/kg) | H1: Colour parameters | I1: L | J1: a | K1: b | M1: 2nd trial | N1: Cultivar/Condition | O1: Sample | P1: Mass (g) | Q1: Acrylamide in vial (ppb) | R1: Acrylamide in sample (µg/kg) | S1: Colour parameters | T1: L | U1: a | V1: b | W1: Acrylamide band (1st trial) | X1: Acrylamide band (2nd trial) | Y1: Colour category (1st trial, from a*) | Z1: Colour category (2nd trial, from a*) | AA1: Expected chip colour (1st trial) | AB1: Not like this (1st trial) | AC1: Expected chip colour (2nd trial) | AD1: Not like this (2nd trial) | AE1: Image file name (1st trial) | AF1: Image file name (2nd trial)
B2: T=0 | C2: Lady Claire Mint essential oil controls | D2: 1 | E2: 1.0074 | F2: 18.681398 | G2: 185.44171 | N2: Lady Claire Mint essential oil controls | O2: 1 | P2: 1.0081 | Q2: 26.957249 | R2: 267.40649 | T2: 35.56 | U2: 2.6 | V2: 20.18 | W2: =IF(NOT(ISNUMBER(G2)),"",IF(G2<Bands!$B$4,"Low",IF(G2<Bands!$B$5,"Medium",IF(G2<Bands!$B$6,"High","Very high")))) -> Low | X2: =IF(NOT(ISNUMBER(R2)),"",IF(R2<Bands!$B$4,"Low",IF(R2<Bands!$B$5,"Medium",IF(R2<Bands!$B$6,"High","Very high")))) -> Low | Z2: =IF(NOT(ISNUMBER(U2)),"",IF(U2<Bands!$B$18,"Light",IF(U2<Bands!$B$19,"Medium","Dark"))) -> Light | AA2: =IF(W2="","",IFERROR(INDEX(Bands!$D$3:$D$6,MATCH(W2,Bands!$A$3:$A$6,0)),"")) -> Pale yellow to light golden, even colour, no brown spots | AB2: =IF(W2="","",IFERROR(INDEX(Bands!$J$3:$J$6,MATCH(W2,Bands!$A$3:$A$6,0)),"")) -> Not deep golden-brown or reddish-brown (those match higher values). Avoid black or burnt chips. | AC2: =IF(X2="","",IFERROR(INDEX(Bands!$D$3:$D$6,MATCH(X2,Bands!$A$3:$A$6,0)),"")) -> Pale yellow to light golden, even colour, no brown spots | AD2: =IF(X2="","",IFERROR(INDEX(Bands!$J$3:$J$6,MATCH(X2,Bands!$A$3:$A$6,0)),"")) -> Not deep golden-brown or reddish-brown (those match higher values). Avoid black or burnt chips. | AE2: =IF(W2="","","Ch4a_"&TEXT(COUNT($G$2:G2),"000")&"_"&SUBSTITUTE(W2," ","-")&"_"&TEXT(G2,"0")&".jpg") -> Ch4a_001_Low_185.jpg | AF2: =IF(X2="","","Ch4b_"&TEXT(COUNT($R$2:R2),"000")&"_"&SUBSTITUTE(X2," ","-")&"_"&TEXT(R2,"0")&".jpg") -> Ch4b_001_Low_267.jpg
D3: 2 | E3: 1.0029 | F3: 36.943952 | G3: 368.37125 | O3: 2 | P3: 0.9849 | Q3: 16.440315 | R3: 166.9237 | W3: =IF(NOT(ISNUMBER(G3)),"",IF(G3<Bands!$B$4,"Low",IF(G3<Bands!$B$5,"Medium",IF(G3<Bands!$B$6,"High","Very high")))) -> Low | X3: =IF(NOT(ISNUMBER(R3)),"",IF(R3<Bands!$B$4,"Low",IF(R3<Bands!$B$5,"Medium",IF(R3<Bands!$B$6,"High","Very high")))) -> Low | AA3: =IF(W3="","",IFERROR(INDEX(Bands!$D$3:$D$6,MATCH(W3,Bands!$A$3:$A$6,0)),"")) -> Pale yellow to light golden, even colour, no brown spots | AB3: =IF(W3="","",IFERROR(INDEX(Bands!$J$3:$J$6,MATCH(W3,Bands!$A$3:$A$6,0)),"")) -> Not deep golden-brown or reddish-brown (those match higher values). Avoid black or burnt chips. | AC3: =IF(X3="","",IFERROR(INDEX(Bands!$D$3:$D$6,MATCH(X3,Bands!$A$3:$A$6,0)),"")) -> Pale yellow to light golden, even colour, no brown spots | AD3: =IF(X3="","",IFERROR(INDEX(Bands!$J$3:$J$6,MATCH(X3,Bands!$A$3:$A$6,0)),"")) -> Not deep golden-brown or reddish-brown (those match higher values). Avoid black or burnt chips. | AE3: =IF(W3="","","Ch4a_"&TEXT(COUNT($G$2:G3),"000")&"_"&SUBSTITUTE(W3," ","-")&"_"&TEXT(G3,"0")&".jpg") -> Ch4a_002_Low_368.jpg | AF3: =IF(X3="","","Ch4b_"&TEXT(COUNT($R$2:R3),"000")&"_"&SUBSTITUTE(X3," ","-")&"_"&TEXT(R3,"0")&".jpg") -> Ch4b_002_Low_167.jpg
D4: 3 | E4: 1.0051 | F4: 32.973868 | G4: 328.06555 | O4: 3 | P4: 0.9815 | Q4: 26.610384 | R4: 271.11955 | W4: =IF(NOT(ISNUMBER(G4)),"",IF(G4<Bands!$B$4,"Low",IF(G4<Bands!$B$5,"Medium",IF(G4<Bands!$B$6,"High","Very high")))) -> Low | X4: =IF(NOT(ISNUMBER(R4)),"",IF(R4<Bands!$B$4,"Low",IF(R4<Bands!$B$5,"Medium",IF(R4<Bands!$B$6,"High","Very high")))) -> Low | AA4: =IF(W4="","",IFERROR(INDEX(Bands!$D$3:$D$6,MATCH(W4,Bands!$A$3:$A$6,0)),"")) -> Pale yellow to light golden, even colour, no brown spots | AB4: =IF(W4="","",IFERROR(INDEX(Bands!$J$3:$J$6,MATCH(W4,Bands!$A$3:$A$6,0)),"")) -> Not deep golden-brown or reddish-brown (those match higher values). Avoid black or burnt chips. | AC4: =IF(X4="","",IFERROR(INDEX(Bands!$D$3:$D$6,MATCH(X4,Bands!$A$3:$A$6,0)),"")) -> Pale yellow to light golden, even colour, no brown spots | AD4: =IF(X4="","",IFERROR(INDEX(Bands!$J$3:$J$6,MATCH(X4,Bands!$A$3:$A$6,0)),"")) -> Not deep golden-brown or reddish-brown (those match higher values). Avoid black or burnt chips. | AE4: =IF(W4="","","Ch4a_"&TEXT(COUNT($G$2:G4),"000")&"_"&SUBSTITUTE(W4," ","-")&"_"&TEXT(G4,"0")&".jpg") -> Ch4a_003_Low_328.jpg | AF4: =IF(X4="","","Ch4b_"&TEXT(COUNT($R$2:R4),"000")&"_"&SUBSTITUTE(X4," ","-")&"_"&TEXT(R4,"0")&".jpg") -> Ch4b_003_Low_271.jpg
D5: 4 | E5: 1.004 | F5: 27.252087 | G5: 271.43513 | O5: 4 | P5: 1.0191 | Q5: 52.409859 | R5: 514.27592 | T5: 35.11 | U5: 3.71 | V5: 20.48 | W5: =IF(NOT(ISNUMBER(G5)),"",IF(G5<Bands!$B$4,"Low",IF(G5<Bands!$B$5,"Medium",IF(G5<Bands!$B$6,"High","Very high")))) -> Low | X5: =IF(NOT(ISNUMBER(R5)),"",IF(R5<Bands!$B$4,"Low",IF(R5<Bands!$B$5,"Medium",IF(R5<Bands!$B$6,"High","Very high")))) -> Medium | Z5: =IF(NOT(ISNUMBER(U5)),"",IF(U5<Bands!$B$18,"Light",IF(U5<Bands!$B$19,"Medium","Dark"))) -> Medium | AA5: =IF(W5="","",IFERROR(INDEX(Bands!$D$3:$D$6,MATCH(W5,Bands!$A$3:$A$6,0)),"")) -> Pale yellow to light golden, even colour, no brown spots | AB5: =IF(W5="","",IFERROR(INDEX(Bands!$J$3:$J$6,MATCH(W5,Bands!$A$3:$A$6,0)),"")) -> Not deep golden-brown or reddish-brown (those match higher values). Avoid black or burnt chips. | AC5: =IF(X5="","",IFERROR(INDEX(Bands!$D$3:$D$6,MATCH(X5,Bands!$A$3:$A$6,0)),"")) -> Golden yellow with light brown at some edges or small spots | AD5: =IF(X5="","",IFERROR(INDEX(Bands!$J$3:$J$6,MATCH(X5,Bands!$A$3:$A$6,0)),"")) -> Not pale yellow (matches a low value) and not deep reddish-brown (matches a high value). Avoid black or burnt chips. | AE5: =IF(W5="","","Ch4a_"&TEXT(COUNT($G$2:G5),"000")&"_"&SUBSTITUTE(W5," ","-")&"_"&TEXT(G5,"0")&".jpg") -> Ch4a_004_Low_271.jpg | AF5: =IF(X5="","","Ch4b_"&TEXT(COUNT($R$2:R5),"000")&"_"&SUBSTITUTE(X5," ","-")&"_"&TEXT(R5,"0")&".jpg") -> Ch4b_004_Medium_514.jpg
D6: 5 | E6: 1.0084 | F6: 30.932287 | G6: 306.7462 | O6: 5 | P6: 1.0167 | Q6: 19.479318 | R6: 191.59357 | T6: 33.62 | U6: 2.5 | V6: 18.15 | W6: =IF(NOT(ISNUMBER(G6)),"",IF(G6<Bands!$B$4,"Low",IF(G6<Bands!$B$5,"Medium",IF(G6<Bands!$B$6,"High","Very high")))) -> Low | X6: =IF(NOT(ISNUMBER(R6)),"",IF(R6<Bands!$B$4,"Low",IF(R6<Bands!$B$5,"Medium",IF(R6<Bands!$B$6,"High","Very high")))) -> Low | Z6: =IF(NOT(ISNUMBER(U6)),"",IF(U6<Bands!$B$18,"Light",IF(U6<Bands!$B$19,"Medium","Dark"))) -> Light | AA6: =IF(W6="","",IFERROR(INDEX(Bands!$D$3:$D$6,MATCH(W6,Bands!$A$3:$A$6,0)),"")) -> Pale yellow to light golden, even colour, no brown spots | AB6: =IF(W6="","",IFERROR(INDEX(Bands!$J$3:$J$6,MATCH(W6,Bands!$A$3:$A$6,0)),"")) -> Not deep golden-brown or reddish-brown (those match higher values). Avoid black or burnt chips. | AC6: =IF(X6="","",IFERROR(INDEX(Bands!$D$3:$D$6,MATCH(X6,Bands!$A$3:$A$6,0)),"")) -> Pale yellow to light golden, even colour, no brown spots | AD6: =IF(X6="","",IFERROR(INDEX(Bands!$J$3:$J$6,MATCH(X6,Bands!$A$3:$A$6,0)),"")) -> Not deep golden-brown or reddish-brown (those match higher values). Avoid black or burnt chips. | AE6: =IF(W6="","","Ch4a_"&TEXT(COUNT($G$2:G6),"000")&"_"&SUBSTITUTE(W6," ","-")&"_"&TEXT(G6,"0")&".jpg") -> Ch4a_005_Low_307.jpg | AF6: =IF(X6="","","Ch4b_"&TEXT(COUNT($R$2:R6),"000")&"_"&SUBSTITUTE(X6," ","-")&"_"&TEXT(R6,"0")&".jpg") -> Ch4b_005_Low_192.jpg
D7: 6 | E7: 1.0009 | F7: 36.577105 | G7: 365.44216 | O7: 6 | P7: 0.9882 | Q7: 17.295231 | R7: 175.01752 | W7: =IF(NOT(ISNUMBER(G7)),"",IF(G7<Bands!$B$4,"Low",IF(G7<Bands!$B$5,"Medium",IF(G7<Bands!$B$6,"High","Very high")))) -> Low | X7: =IF(NOT(ISNUMBER(R7)),"",IF(R7<Bands!$B$4,"Low",IF(R7<Bands!$B$5,"Medium",IF(R7<Bands!$B$6,"High","Very high")))) -> Low | AA7: =IF(W7="","",IFERROR(INDEX(Bands!$D$3:$D$6,MATCH(W7,Bands!$A$3:$A$6,0)),"")) -> Pale yellow to light golden, even colour, no brown spots | AB7: =IF(W7="","",IFERROR(INDEX(Bands!$J$3:$J$6,MATCH(W7,Bands!$A$3:$A$6,0)),"")) -> Not deep golden-brown or reddish-brown (those match higher values). Avoid black or burnt chips. | AC7: =IF(X7="","",IFERROR(INDEX(Bands!$D$3:$D$6,MATCH(X7,Bands!$A$3:$A$6,0)),"")) -> Pale yellow to light golden, even colour, no brown spots | AD7: =IF(X7="","",IFERROR(INDEX(Bands!$J$3:$J$6,MATCH(X7,Bands!$A$3:$A$6,0)),"")) -> Not deep golden-brown or reddish-brown (those match higher values). Avoid black or burnt chips. | AE7: =IF(W7="","","Ch4a_"&TEXT(COUNT($G$2:G7),"000")&"_"&SUBSTITUTE(W7," ","-")&"_"&TEXT(G7,"0")&".jpg") -> Ch4a_006_Low_365.jpg | AF7: =IF(X7="","","Ch4b_"&TEXT(COUNT($R$2:R7),"000")&"_"&SUBSTITUTE(X7," ","-")&"_"&TEXT(R7,"0")&".jpg") -> Ch4b_006_Low_175.jpg
B9: T=1 | C9: Lady Claire Mint essential oil treated | D9: 1 | E9: 1.0038 | F9: 45.194914 | G9: 450.23823 | N9: Lady Claire Mint essential oil 1 treatment | O9: 1 | P9: 0.9987 | Q9: 25.9003 | R9: 259.34014 | T9: 32.51 | U9: 3.15 | V9: 18.83 | W9: =IF(NOT(ISNUMBER(G9)),"",IF(G9<Bands!$B$4,"Low",IF(G9<Bands!$B$5,"Medium",IF(G9<Bands!$B$6,"High","Very high")))) -> Low | X9: =IF(NOT(ISNUMBER(R9)),"",IF(R9<Bands!$B$4,"Low",IF(R9<Bands!$B$5,"Medium",IF(R9<Bands!$B$6,"High","Very high")))) -> Low | Z9: =IF(NOT(ISNUMBER(U9)),"",IF(U9<Bands!$B$18,"Light",IF(U9<Bands!$B$19,"Medium","Dark"))) -> Medium | AA9: =IF(W9="","",IFERROR(INDEX(Bands!$D$3:$D$6,MATCH(W9,Bands!$A$3:$A$6,0)),"")) -> Pale yellow to light golden, even colour, no brown spots | AB9: =IF(W9="","",IFERROR(INDEX(Bands!$J$3:$J$6,MATCH(W9,Bands!$A$3:$A$6,0)),"")) -> Not deep golden-brown or reddish-brown (those match higher values). Avoid black or burnt chips. | AC9: =IF(X9="","",IFERROR(INDEX(Bands!$D$3:$D$6,MATCH(X9,Bands!$A$3:$A$6,0)),"")) -> Pale yellow to light golden, even colour, no brown spots | AD9: =IF(X9="","",IFERROR(INDEX(Bands!$J$3:$J$6,MATCH(X9,Bands!$A$3:$A$6,0)),"")) -> Not deep golden-brown or reddish-brown (those match higher values). Avoid black or burnt chips. | AE9: =IF(W9="","","Ch4a_"&TEXT(COUNT($G$2:G9),"000")&"_"&SUBSTITUTE(W9," ","-")&"_"&TEXT(G9,"0")&".jpg") -> Ch4a_007_Low_450.jpg | AF9: =IF(X9="","","Ch4b_"&TEXT(COUNT($R$2:R9),"000")&"_"&SUBSTITUTE(X9," ","-")&"_"&TEXT(R9,"0")&".jpg") -> Ch4b_007_Low_259.jpg
D10: 2 | E10: 1.0071 | F10: 33.488204 | G10: 332.52114 | O10: 2 | P10: 1.027 | Q10: 28.614381 | R10: 278.62104 | W10: =IF(NOT(ISNUMBER(G10)),"",IF(G10<Bands!$B$4,"Low",IF(G10<Bands!$B$5,"Medium",IF(G10<Bands!$B$6,"High","Very high")))) -> Low | X10: =IF(NOT(ISNUMBER(R10)),"",IF(R10<Bands!$B$4,"Low",IF(R10<Bands!$B$5,"Medium",IF(R10<Bands!$B$6,"High","Very high")))) -> Low | AA10: =IF(W10="","",IFERROR(INDEX(Bands!$D$3:$D$6,MATCH(W10,Bands!$A$3:$A$6,0)),"")) -> Pale yellow to light golden, even colour, no brown spots | AB10: =IF(W10="","",IFERROR(INDEX(Bands!$J$3:$J$6,MATCH(W10,Bands!$A$3:$A$6,0)),"")) -> Not deep golden-brown or reddish-brown (those match higher values). Avoid black or burnt chips. | AC10: =IF(X10="","",IFERROR(INDEX(Bands!$D$3:$D$6,MATCH(X10,Bands!$A$3:$A$6,0)),"")) -> Pale yellow to light golden, even colour, no brown spots | AD10: =IF(X10="","",IFERROR(INDEX(Bands!$J$3:$J$6,MATCH(X10,Bands!$A$3:$A$6,0)),"")) -> Not deep golden-brown or reddish-brown (those match higher values). Avoid black or burnt chips. | AE10: =IF(W10="","","Ch4a_"&TEXT(COUNT($G$2:G10),"000")&"_"&SUBSTITUTE(W10," ","-")&"_"&TEXT(G10,"0")&".jpg") -> Ch4a_008_Low_333.jpg | AF10: =IF(X10="","","Ch4b_"&TEXT(COUNT($R$2:R10),"000")&"_"&SUBSTITUTE(X10," ","-")&"_"&TEXT(R10,"0")&".jpg") -> Ch4b_008_Low_279.jpg
D11: 3 | E11: 1.0088 | F11: 47.889941 | G11: 474.72185 | O11: 3 | P11: 1.0332 | Q11: 23.015804 | R11: 222.76234 | T11: 35.78 | U11: 2.51 | V11: 19.8 | W11: =IF(NOT(ISNUMBER(G11)),"",IF(G11<Bands!$B$4,"Low",IF(G11<Bands!$B$5,"Medium",IF(G11<Bands!$B$6,"High","Very high")))) -> Low | X11: =IF(NOT(ISNUMBER(R11)),"",IF(R11<Bands!$B$4,"Low",IF(R11<Bands!$B$5,"Medium",IF(R11<Bands!$B$6,"High","Very high")))) -> Low | Z11: =IF(NOT(ISNUMBER(U11)),"",IF(U11<Bands!$B$18,"Light",IF(U11<Bands!$B$19,"Medium","Dark"))) -> Light | AA11: =IF(W11="","",IFERROR(INDEX(Bands!$D$3:$D$6,MATCH(W11,Bands!$A$3:$A$6,0)),"")) -> Pale yellow to light golden, even colour, no brown spots | AB11: =IF(W11="","",IFERROR(INDEX(Bands!$J$3:$J$6,MATCH(W11,Bands!$A$3:$A$6,0)),"")) -> Not deep golden-brown or reddish-brown (those match higher values). Avoid black or burnt chips. | AC11: =IF(X11="","",IFERROR(INDEX(Bands!$D$3:$D$6,MATCH(X11,Bands!$A$3:$A$6,0)),"")) -> Pale yellow to light golden, even colour, no brown spots | AD11: =IF(X11="","",IFERROR(INDEX(Bands!$J$3:$J$6,MATCH(X11,Bands!$A$3:$A$6,0)),"")) -> Not deep golden-brown or reddish-brown (those match higher values). Avoid black or burnt chips. | AE11: =IF(W11="","","Ch4a_"&TEXT(COUNT($G$2:G11),"000")&"_"&SUBSTITUTE(W11," ","-")&"_"&TEXT(G11,"0")&".jpg") -> Ch4a_009_Low_475.jpg | AF11: =IF(X11="","","Ch4b_"&TEXT(COUNT($R$2:R11),"000")&"_"&SUBSTITUTE(X11," ","-")&"_"&TEXT(R11,"0")&".jpg") -> Ch4b_009_Low_223.jpg
D12: 4 | E12: 1.004 | F12: 44.471024 | G12: 442.93849 | I12: 45.86 | J12: 3.05 | K12: 21.16 | O12: 4 | P12: 1.0324 | Q12: 92.611637 | R12: 897.05189 | W12: =IF(NOT(ISNUMBER(G12)),"",IF(G12<Bands!$B$4,"Low",IF(G12<Bands!$B$5,"Medium",IF(G12<Bands!$B$6,"High","Very high")))) -> Low | X12: =IF(NOT(ISNUMBER(R12)),"",IF(R12<Bands!$B$4,"Low",IF(R12<Bands!$B$5,"Medium",IF(R12<Bands!$B$6,"High","Very high")))) -> Medium | Y12: =IF(NOT(ISNUMBER(J12)),"",IF(J12<Bands!$B$18,"Light",IF(J12<Bands!$B$19,"Medium","Dark"))) -> Medium | AA12: =IF(W12="","",IFERROR(INDEX(Bands!$D$3:$D$6,MATCH(W12,Bands!$A$3:$A$6,0)),"")) -> Pale yellow to light golden, even colour, no brown spots | AB12: =IF(W12="","",IFERROR(INDEX(Bands!$J$3:$J$6,MATCH(W12,Bands!$A$3:$A$6,0)),"")) -> Not deep golden-brown or reddish-brown (those match higher values). Avoid black or burnt chips. | AC12: =IF(X12="","",IFERROR(INDEX(Bands!$D$3:$D$6,MATCH(X12,Bands!$A$3:$A$6,0)),"")) -> Golden yellow with light brown at some edges or small spots | AD12: =IF(X12="","",IFERROR(INDEX(Bands!$J$3:$J$6,MATCH(X12,Bands!$A$3:$A$6,0)),"")) -> Not pale yellow (matches a low value) and not deep reddish-brown (matches a high value). Avoid black or burnt chips. | AE12: =IF(W12="","","Ch4a_"&TEXT(COUNT($G$2:G12),"000")&"_"&SUBSTITUTE(W12," ","-")&"_"&TEXT(G12,"0")&".jpg") -> Ch4a_010_Low_443.jpg | AF12: =IF(X12="","","Ch4b_"&TEXT(COUNT($R$2:R12),"000")&"_"&SUBSTITUTE(X12," ","-")&"_"&TEXT(R12,"0")&".jpg") -> Ch4b_010_Medium_897.jpg
D13: 5 | E13: 1.0055 | F13: 41.165841 | G13: 409.40667 | I13: 34.84 | J13: 3.46 | K13: 20.75 | O13: 5 | P13: 1.0241 | Q13: 69.585421 | R13: 679.47877 | T13: 50.25 | U13: 2.73 | V13: 24.44 | W13: =IF(NOT(ISNUMBER(G13)),"",IF(G13<Bands!$B$4,"Low",IF(G13<Bands!$B$5,"Medium",IF(G13<Bands!$B$6,"High","Very high")))) -> Low | X13: =IF(NOT(ISNUMBER(R13)),"",IF(R13<Bands!$B$4,"Low",IF(R13<Bands!$B$5,"Medium",IF(R13<Bands!$B$6,"High","Very high")))) -> Medium | Y13: =IF(NOT(ISNUMBER(J13)),"",IF(J13<Bands!$B$18,"Light",IF(J13<Bands!$B$19,"Medium","Dark"))) -> Medium | Z13: =IF(NOT(ISNUMBER(U13)),"",IF(U13<Bands!$B$18,"Light",IF(U13<Bands!$B$19,"Medium","Dark"))) -> Light | AA13: =IF(W13="","",IFERROR(INDEX(Bands!$D$3:$D$6,MATCH(W13,Bands!$A$3:$A$6,0)),"")) -> Pale yellow to light golden, even colour, no brown spots | AB13: =IF(W13="","",IFERROR(INDEX(Bands!$J$3:$J$6,MATCH(W13,Bands!$A$3:$A$6,0)),"")) -> Not deep golden-brown or reddish-brown (those match higher values). Avoid black or burnt chips. | AC13: =IF(X13="","",IFERROR(INDEX(Bands!$D$3:$D$6,MATCH(X13,Bands!$A$3:$A$6,0)),"")) -> Golden yellow with light brown at some edges or small spots | AD13: =IF(X13="","",IFERROR(INDEX(Bands!$J$3:$J$6,MATCH(X13,Bands!$A$3:$A$6,0)),"")) -> Not pale yellow (matches a low value) and not deep reddish-brown (matches a high value). Avoid black or burnt chips. | AE13: =IF(W13="","","Ch4a_"&TEXT(COUNT($G$2:G13),"000")&"_"&SUBSTITUTE(W13," ","-")&"_"&TEXT(G13,"0")&".jpg") -> Ch4a_011_Low_409.jpg | AF13: =IF(X13="","","Ch4b_"&TEXT(COUNT($R$2:R13),"000")&"_"&SUBSTITUTE(X13," ","-")&"_"&TEXT(R13,"0")&".jpg") -> Ch4b_011_Medium_679.jpg
D14: 6 | E14: 1.0048 | F14: 35.777532 | G14: 356.0662 | I14: 34.63 | J14: 3.15 | K14: 18.99 | O14: 6 | P14: 1.0117 | Q14: 85.6837 | R14: 846.92795 | W14: =IF(NOT(ISNUMBER(G14)),"",IF(G14<Bands!$B$4,"Low",IF(G14<Bands!$B$5,"Medium",IF(G14<Bands!$B$6,"High","Very high")))) -> Low | X14: =IF(NOT(ISNUMBER(R14)),"",IF(R14<Bands!$B$4,"Low",IF(R14<Bands!$B$5,"Medium",IF(R14<Bands!$B$6,"High","Very high")))) -> Medium | Y14: =IF(NOT(ISNUMBER(J14)),"",IF(J14<Bands!$B$18,"Light",IF(J14<Bands!$B$19,"Medium","Dark"))) -> Medium | AA14: =IF(W14="","",IFERROR(INDEX(Bands!$D$3:$D$6,MATCH(W14,Bands!$A$3:$A$6,0)),"")) -> Pale yellow to light golden, even colour, no brown spots | AB14: =IF(W14="","",IFERROR(INDEX(Bands!$J$3:$J$6,MATCH(W14,Bands!$A$3:$A$6,0)),"")) -> Not deep golden-brown or reddish-brown (those match higher values). Avoid black or burnt chips. | AC14: =IF(X14="","",IFERROR(INDEX(Bands!$D$3:$D$6,MATCH(X14,Bands!$A$3:$A$6,0)),"")) -> Golden yellow with light brown at some edges or small spots | AD14: =IF(X14="","",IFERROR(INDEX(Bands!$J$3:$J$6,MATCH(X14,Bands!$A$3:$A$6,0)),"")) -> Not pale yellow (matches a low value) and not deep reddish-brown (matches a high value). Avoid black or burnt chips. | AE14: =IF(W14="","","Ch4a_"&TEXT(COUNT($G$2:G14),"000")&"_"&SUBSTITUTE(W14," ","-")&"_"&TEXT(G14,"0")&".jpg") -> Ch4a_012_Low_356.jpg | AF14: =IF(X14="","","Ch4b_"&TEXT(COUNT($R$2:R14),"000")&"_"&SUBSTITUTE(X14," ","-")&"_"&TEXT(R14,"0")&".jpg") -> Ch4b_012_Medium_847.jpg
C16: Lady Claire Mint essential oil controls | D16: 1 | E16: 1.0038 | F16: 51.696441 | G16: 515.00738 | N16: Lady Claire Mint essential oil 2 treatments | O16: 1 | P16: 0.9764 | Q16: 13.071622 | R16: 133.87568 | W16: =IF(NOT(ISNUMBER(G16)),"",IF(G16<Bands!$B$4,"Low",IF(G16<Bands!$B$5,"Medium",IF(G16<Bands!$B$6,"High","Very high")))) -> Medium | X16: =IF(NOT(ISNUMBER(R16)),"",IF(R16<Bands!$B$4,"Low",IF(R16<Bands!$B$5,"Medium",IF(R16<Bands!$B$6,"High","Very high")))) -> Low | AA16: =IF(W16="","",IFERROR(INDEX(Bands!$D$3:$D$6,MATCH(W16,Bands!$A$3:$A$6,0)),"")) -> Golden yellow with light brown at some edges or small spots | AB16: =IF(W16="","",IFERROR(INDEX(Bands!$J$3:$J$6,MATCH(W16,Bands!$A$3:$A$6,0)),"")) -> Not pale yellow (matches a low value) and not deep reddish-brown (matches a high value). Avoid black or burnt chips. | AC16: =IF(X16="","",IFERROR(INDEX(Bands!$D$3:$D$6,MATCH(X16,Bands!$A$3:$A$6,0)),"")) -> Pale yellow to light golden, even colour, no brown spots | AD16: =IF(X16="","",IFERROR(INDEX(Bands!$J$3:$J$6,MATCH(X16,Bands!$A$3:$A$6,0)),"")) -> Not deep golden-brown or reddish-brown (those match higher values). Avoid black or burnt chips. | AE16: =IF(W16="","","Ch4a_"&TEXT(COUNT($G$2:G16),"000")&"_"&SUBSTITUTE(W16," ","-")&"_"&TEXT(G16,"0")&".jpg") -> Ch4a_013_Medium_515.jpg | AF16: =IF(X16="","","Ch4b_"&TEXT(COUNT($R$2:R16),"000")&"_"&SUBSTITUTE(X16," ","-")&"_"&TEXT(R16,"0")&".jpg") -> Ch4b_013_Low_134.jpg
D17: 2 | E17: 1.0009 | F17: 44.275469 | G17: 442.35657 | I17: 46.18 | J17: 2.82 | K17: 21.22 | O17: 2 | P17: 0.9766 | Q17: 12.918525 | R17: 132.28062 | T17: 39.52 | U17: 2.26 | V17: 21.01 | W17: =IF(NOT(ISNUMBER(G17)),"",IF(G17<Bands!$B$4,"Low",IF(G17<Bands!$B$5,"Medium",IF(G17<Bands!$B$6,"High","Very high")))) -> Low | X17: =IF(NOT(ISNUMBER(R17)),"",IF(R17<Bands!$B$4,"Low",IF(R17<Bands!$B$5,"Medium",IF(R17<Bands!$B$6,"High","Very high")))) -> Low | Y17: =IF(NOT(ISNUMBER(J17)),"",IF(J17<Bands!$B$18,"Light",IF(J17<Bands!$B$19,"Medium","Dark"))) -> Light | Z17: =IF(NOT(ISNUMBER(U17)),"",IF(U17<Bands!$B$18,"Light",IF(U17<Bands!$B$19,"Medium","Dark"))) -> Light | AA17: =IF(W17="","",IFERROR(INDEX(Bands!$D$3:$D$6,MATCH(W17,Bands!$A$3:$A$6,0)),"")) -> Pale yellow to light golden, even colour, no brown spots | AB17: =IF(W17="","",IFERROR(INDEX(Bands!$J$3:$J$6,MATCH(W17,Bands!$A$3:$A$6,0)),"")) -> Not deep golden-brown or reddish-brown (those match higher values). Avoid black or burnt chips. | AC17: =IF(X17="","",IFERROR(INDEX(Bands!$D$3:$D$6,MATCH(X17,Bands!$A$3:$A$6,0)),"")) -> Pale yellow to light golden, even colour, no brown spots | AD17: =IF(X17="","",IFERROR(INDEX(Bands!$J$3:$J$6,MATCH(X17,Bands!$A$3:$A$6,0)),"")) -> Not deep golden-brown or reddish-brown (those match higher values). Avoid black or burnt chips. | AE17: =IF(W17="","","Ch4a_"&TEXT(COUNT($G$2:G17),"000")&"_"&SUBSTITUTE(W17," ","-")&"_"&TEXT(G17,"0")&".jpg") -> Ch4a_014_Low_442.jpg | AF17: =IF(X17="","","Ch4b_"&TEXT(COUNT($R$2:R17),"000")&"_"&SUBSTITUTE(X17," ","-")&"_"&TEXT(R17,"0")&".jpg") -> Ch4b_014_Low_132.jpg
D18: 3 | E18: 1.0012 | F18: 52.059208 | G18: 519.96812 | I18: 35.91 | J18: 3.81 | K18: 21.31 | O18: 3 | P18: 0.9946 | Q18: 22.237642 | R18: 223.58377 | W18: =IF(NOT(ISNUMBER(G18)),"",IF(G18<Bands!$B$4,"Low",IF(G18<Bands!$B$5,"Medium",IF(G18<Bands!$B$6,"High","Very high")))) -> Medium | X18: =IF(NOT(ISNUMBER(R18)),"",IF(R18<Bands!$B$4,"Low",IF(R18<Bands!$B$5,"Medium",IF(R18<Bands!$B$6,"High","Very high")))) -> Low | Y18: =IF(NOT(ISNUMBER(J18)),"",IF(J18<Bands!$B$18,"Light",IF(J18<Bands!$B$19,"Medium","Dark"))) -> Medium | AA18: =IF(W18="","",IFERROR(INDEX(Bands!$D$3:$D$6,MATCH(W18,Bands!$A$3:$A$6,0)),"")) -> Golden yellow with light brown at some edges or small spots | AB18: =IF(W18="","",IFERROR(INDEX(Bands!$J$3:$J$6,MATCH(W18,Bands!$A$3:$A$6,0)),"")) -> Not pale yellow (matches a low value) and not deep reddish-brown (matches a high value). Avoid black or burnt chips. | AC18: =IF(X18="","",IFERROR(INDEX(Bands!$D$3:$D$6,MATCH(X18,Bands!$A$3:$A$6,0)),"")) -> Pale yellow to light golden, even colour, no brown spots | AD18: =IF(X18="","",IFERROR(INDEX(Bands!$J$3:$J$6,MATCH(X18,Bands!$A$3:$A$6,0)),"")) -> Not deep golden-brown or reddish-brown (those match higher values). Avoid black or burnt chips. | AE18: =IF(W18="","","Ch4a_"&TEXT(COUNT($G$2:G18),"000")&"_"&SUBSTITUTE(W18," ","-")&"_"&TEXT(G18,"0")&".jpg") -> Ch4a_015_Medium_520.jpg | AF18: =IF(X18="","","Ch4b_"&TEXT(COUNT($R$2:R18),"000")&"_"&SUBSTITUTE(X18," ","-")&"_"&TEXT(R18,"0")&".jpg") -> Ch4b_015_Low_224.jpg
D19: 4 | E19: 1.004 | F19: 48.568722 | G19: 483.75221 | O19: 4 | P19: 0.9654 | Q19: 23.418424 | R19: 242.57742 | T19: 29.44 | U19: 2.25 | V19: 15.95 | W19: =IF(NOT(ISNUMBER(G19)),"",IF(G19<Bands!$B$4,"Low",IF(G19<Bands!$B$5,"Medium",IF(G19<Bands!$B$6,"High","Very high")))) -> Low | X19: =IF(NOT(ISNUMBER(R19)),"",IF(R19<Bands!$B$4,"Low",IF(R19<Bands!$B$5,"Medium",IF(R19<Bands!$B$6,"High","Very high")))) -> Low | Z19: =IF(NOT(ISNUMBER(U19)),"",IF(U19<Bands!$B$18,"Light",IF(U19<Bands!$B$19,"Medium","Dark"))) -> Light | AA19: =IF(W19="","",IFERROR(INDEX(Bands!$D$3:$D$6,MATCH(W19,Bands!$A$3:$A$6,0)),"")) -> Pale yellow to light golden, even colour, no brown spots | AB19: =IF(W19="","",IFERROR(INDEX(Bands!$J$3:$J$6,MATCH(W19,Bands!$A$3:$A$6,0)),"")) -> Not deep golden-brown or reddish-brown (those match higher values). Avoid black or burnt chips. | AC19: =IF(X19="","",IFERROR(INDEX(Bands!$D$3:$D$6,MATCH(X19,Bands!$A$3:$A$6,0)),"")) -> Pale yellow to light golden, even colour, no brown spots | AD19: =IF(X19="","",IFERROR(INDEX(Bands!$J$3:$J$6,MATCH(X19,Bands!$A$3:$A$6,0)),"")) -> Not deep golden-brown or reddish-brown (those match higher values). Avoid black or burnt chips. | AE19: =IF(W19="","","Ch4a_"&TEXT(COUNT($G$2:G19),"000")&"_"&SUBSTITUTE(W19," ","-")&"_"&TEXT(G19,"0")&".jpg") -> Ch4a_016_Low_484.jpg | AF19: =IF(X19="","","Ch4b_"&TEXT(COUNT($R$2:R19),"000")&"_"&SUBSTITUTE(X19," ","-")&"_"&TEXT(R19,"0")&".jpg") -> Ch4b_016_Low_243.jpg
D20: 5 | E20: 1.0058 | F20: 37.491466 | G20: 372.7527 | I20: 44.91 | J20: 3.1 | K20: 20.99 | O20: 5 | P20: 0.9782 | Q20: 9.7861722 | R20: 100.04265 | T20: 34.8 | U20: 1.83 | V20: 18.81 | W20: =IF(NOT(ISNUMBER(G20)),"",IF(G20<Bands!$B$4,"Low",IF(G20<Bands!$B$5,"Medium",IF(G20<Bands!$B$6,"High","Very high")))) -> Low | X20: =IF(NOT(ISNUMBER(R20)),"",IF(R20<Bands!$B$4,"Low",IF(R20<Bands!$B$5,"Medium",IF(R20<Bands!$B$6,"High","Very high")))) -> Low | Y20: =IF(NOT(ISNUMBER(J20)),"",IF(J20<Bands!$B$18,"Light",IF(J20<Bands!$B$19,"Medium","Dark"))) -> Medium | Z20: =IF(NOT(ISNUMBER(U20)),"",IF(U20<Bands!$B$18,"Light",IF(U20<Bands!$B$19,"Medium","Dark"))) -> Light | AA20: =IF(W20="","",IFERROR(INDEX(Bands!$D$3:$D$6,MATCH(W20,Bands!$A$3:$A$6,0)),"")) -> Pale yellow to light golden, even colour, no brown spots | AB20: =IF(W20="","",IFERROR(INDEX(Bands!$J$3:$J$6,MATCH(W20,Bands!$A$3:$A$6,0)),"")) -> Not deep golden-brown or reddish-brown (those match higher values). Avoid black or burnt chips. | AC20: =IF(X20="","",IFERROR(INDEX(Bands!$D$3:$D$6,MATCH(X20,Bands!$A$3:$A$6,0)),"")) -> Pale yellow to light golden, even colour, no brown spots | AD20: =IF(X20="","",IFERROR(INDEX(Bands!$J$3:$J$6,MATCH(X20,Bands!$A$3:$A$6,0)),"")) -> Not deep golden-brown or reddish-brown (those match higher values). Avoid black or burnt chips. | AE20: =IF(W20="","","Ch4a_"&TEXT(COUNT($G$2:G20),"000")&"_"&SUBSTITUTE(W20," ","-")&"_"&TEXT(G20,"0")&".jpg") -> Ch4a_017_Low_373.jpg | AF20: =IF(X20="","","Ch4b_"&TEXT(COUNT($R$2:R20),"000")&"_"&SUBSTITUTE(X20," ","-")&"_"&TEXT(R20,"0")&".jpg") -> Ch4b_017_Low_100.jpg
D21: 6 | E21: 1.0048 | F21: 30.096953 | G21: 299.53178 | O21: 6 | P21: 1.0336 | Q21: 11.039504 | R21: 106.80635 | W21: =IF(NOT(ISNUMBER(G21)),"",IF(G21<Bands!$B$4,"Low",IF(G21<Bands!$B$5,"Medium",IF(G21<Bands!$B$6,"High","Very high")))) -> Low | X21: =IF(NOT(ISNUMBER(R21)),"",IF(R21<Bands!$B$4,"Low",IF(R21<Bands!$B$5,"Medium",IF(R21<Bands!$B$6,"High","Very high")))) -> Low | AA21: =IF(W21="","",IFERROR(INDEX(Bands!$D$3:$D$6,MATCH(W21,Bands!$A$3:$A$6,0)),"")) -> Pale yellow to light golden, even colour, no brown spots | AB21: =IF(W21="","",IFERROR(INDEX(Bands!$J$3:$J$6,MATCH(W21,Bands!$A$3:$A$6,0)),"")) -> Not deep golden-brown or reddish-brown (those match higher values). Avoid black or burnt chips. | AC21: =IF(X21="","",IFERROR(INDEX(Bands!$D$3:$D$6,MATCH(X21,Bands!$A$3:$A$6,0)),"")) -> Pale yellow to light golden, even colour, no brown spots | AD21: =IF(X21="","",IFERROR(INDEX(Bands!$J$3:$J$6,MATCH(X21,Bands!$A$3:$A$6,0)),"")) -> Not deep golden-brown or reddish-brown (those match higher values). Avoid black or burnt chips. | AE21: =IF(W21="","","Ch4a_"&TEXT(COUNT($G$2:G21),"000")&"_"&SUBSTITUTE(W21," ","-")&"_"&TEXT(G21,"0")&".jpg") -> Ch4a_018_Low_300.jpg | AF21: =IF(X21="","","Ch4b_"&TEXT(COUNT($R$2:R21),"000")&"_"&SUBSTITUTE(X21," ","-")&"_"&TEXT(R21,"0")&".jpg") -> Ch4b_018_Low_107.jpg
B23: T=7 | C23: Lady Claire Mint essential oil treated | D23: 1 | E23: 1.0037 | F23: 13.548497 | G23: 134.98552 | N23: Taurus Mint essential oil controls | O23: 1 | P23: 1.0273 | Q23: 539.10137 | R23: 5247.7501 | T23: 22.02 | U23: 8.03 | V23: 11.37 | W23: =IF(NOT(ISNUMBER(G23)),"",IF(G23<Bands!$B$4,"Low",IF(G23<Bands!$B$5,"Medium",IF(G23<Bands!$B$6,"High","Very high")))) -> Low | X23: =IF(NOT(ISNUMBER(R23)),"",IF(R23<Bands!$B$4,"Low",IF(R23<Bands!$B$5,"Medium",IF(R23<Bands!$B$6,"High","Very high")))) -> Very high | Z23: =IF(NOT(ISNUMBER(U23)),"",IF(U23<Bands!$B$18,"Light",IF(U23<Bands!$B$19,"Medium","Dark"))) -> Dark | AA23: =IF(W23="","",IFERROR(INDEX(Bands!$D$3:$D$6,MATCH(W23,Bands!$A$3:$A$6,0)),"")) -> Pale yellow to light golden, even colour, no brown spots | AB23: =IF(W23="","",IFERROR(INDEX(Bands!$J$3:$J$6,MATCH(W23,Bands!$A$3:$A$6,0)),"")) -> Not deep golden-brown or reddish-brown (those match higher values). Avoid black or burnt chips. | AC23: =IF(X23="","",IFERROR(INDEX(Bands!$D$3:$D$6,MATCH(X23,Bands!$A$3:$A$6,0)),"")) -> Deep golden-brown to medium brown with a reddish tone; edges darkest, centre golden or light brown | AD23: =IF(X23="","",IFERROR(INDEX(Bands!$J$3:$J$6,MATCH(X23,Bands!$A$3:$A$6,0)),"")) -> Not pale yellow, which would match a low value, or black and burnt, since very dark chips can have lower acrylamide. | AE23: =IF(W23="","","Ch4a_"&TEXT(COUNT($G$2:G23),"000")&"_"&SUBSTITUTE(W23," ","-")&"_"&TEXT(G23,"0")&".jpg") -> Ch4a_019_Low_135.jpg | AF23: =IF(X23="","","Ch4b_"&TEXT(COUNT($R$2:R23),"000")&"_"&SUBSTITUTE(X23," ","-")&"_"&TEXT(R23,"0")&".jpg") -> Ch4b_019_Very-high_5248.jpg
D24: 2 | E24: 1.0039 | F24: 13.567889 | G24: 135.15179 | O24: 2 | P24: 1.0136 | Q24: 33.680383 | R24: 332.28476 | T24: 28.95 | U24: 2.11 | V24: 12.95 | W24: =IF(NOT(ISNUMBER(G24)),"",IF(G24<Bands!$B$4,"Low",IF(G24<Bands!$B$5,"Medium",IF(G24<Bands!$B$6,"High","Very high")))) -> Low | X24: =IF(NOT(ISNUMBER(R24)),"",IF(R24<Bands!$B$4,"Low",IF(R24<Bands!$B$5,"Medium",IF(R24<Bands!$B$6,"High","Very high")))) -> Low | Z24: =IF(NOT(ISNUMBER(U24)),"",IF(U24<Bands!$B$18,"Light",IF(U24<Bands!$B$19,"Medium","Dark"))) -> Light | AA24: =IF(W24="","",IFERROR(INDEX(Bands!$D$3:$D$6,MATCH(W24,Bands!$A$3:$A$6,0)),"")) -> Pale yellow to light golden, even colour, no brown spots | AB24: =IF(W24="","",IFERROR(INDEX(Bands!$J$3:$J$6,MATCH(W24,Bands!$A$3:$A$6,0)),"")) -> Not deep golden-brown or reddish-brown (those match higher values). Avoid black or burnt chips. | AC24: =IF(X24="","",IFERROR(INDEX(Bands!$D$3:$D$6,MATCH(X24,Bands!$A$3:$A$6,0)),"")) -> Pale yellow to light golden, even colour, no brown spots | AD24: =IF(X24="","",IFERROR(INDEX(Bands!$J$3:$J$6,MATCH(X24,Bands!$A$3:$A$6,0)),"")) -> Not deep golden-brown or reddish-brown (those match higher values). Avoid black or burnt chips. | AE24: =IF(W24="","","Ch4a_"&TEXT(COUNT($G$2:G24),"000")&"_"&SUBSTITUTE(W24," ","-")&"_"&TEXT(G24,"0")&".jpg") -> Ch4a_020_Low_135.jpg | AF24: =IF(X24="","","Ch4b_"&TEXT(COUNT($R$2:R24),"000")&"_"&SUBSTITUTE(X24," ","-")&"_"&TEXT(R24,"0")&".jpg") -> Ch4b_020_Low_332.jpg
D25: 3 | E25: 1.0018 | F25: 22.545143 | G25: 225.04635 | O25: 3 | P25: 0.9788 | Q25: 167.65425 | R25: 1712.8551 | W25: =IF(NOT(ISNUMBER(G25)),"",IF(G25<Bands!$B$4,"Low",IF(G25<Bands!$B$5,"Medium",IF(G25<Bands!$B$6,"High","Very high")))) -> Low | X25: =IF(NOT(ISNUMBER(R25)),"",IF(R25<Bands!$B$4,"Low",IF(R25<Bands!$B$5,"Medium",IF(R25<Bands!$B$6,"High","Very high")))) -> High | AA25: =IF(W25="","",IFERROR(INDEX(Bands!$D$3:$D$6,MATCH(W25,Bands!$A$3:$A$6,0)),"")) -> Pale yellow to light golden, even colour, no brown spots | AB25: =IF(W25="","",IFERROR(INDEX(Bands!$J$3:$J$6,MATCH(W25,Bands!$A$3:$A$6,0)),"")) -> Not deep golden-brown or reddish-brown (those match higher values). Avoid black or burnt chips. | AC25: =IF(X25="","",IFERROR(INDEX(Bands!$D$3:$D$6,MATCH(X25,Bands!$A$3:$A$6,0)),"")) -> Golden-brown with a reddish tint, brown edges, somewhat uneven | AD25: =IF(X25="","",IFERROR(INDEX(Bands!$J$3:$J$6,MATCH(X25,Bands!$A$3:$A$6,0)),"")) -> Not pale yellow, which would match a low value. Not black or burnt, since very dark chips can have lower acrylamide. | AE25: =IF(W25="","","Ch4a_"&TEXT(COUNT($G$2:G25),"000")&"_"&SUBSTITUTE(W25," ","-")&"_"&TEXT(G25,"0")&".jpg") -> Ch4a_021_Low_225.jpg | AF25: =IF(X25="","","Ch4b_"&TEXT(COUNT($R$2:R25),"000")&"_"&SUBSTITUTE(X25," ","-")&"_"&TEXT(R25,"0")&".jpg") -> Ch4b_021_High_1713.jpg
D26: 4 | E26: 1.0008 | F26: 29.658432 | G26: 296.34725 | O26: 4 | P26: 0.9704 | Q26: 48.189277 | R26: 496.59189 | W26: =IF(NOT(ISNUMBER(G26)),"",IF(G26<Bands!$B$4,"Low",IF(G26<Bands!$B$5,"Medium",IF(G26<Bands!$B$6,"High","Very high")))) -> Low | X26: =IF(NOT(ISNUMBER(R26)),"",IF(R26<Bands!$B$4,"Low",IF(R26<Bands!$B$5,"Medium",IF(R26<Bands!$B$6,"High","Very high")))) -> Low | AA26: =IF(W26="","",IFERROR(INDEX(Bands!$D$3:$D$6,MATCH(W26,Bands!$A$3:$A$6,0)),"")) -> Pale yellow to light golden, even colour, no brown spots | AB26: =IF(W26="","",IFERROR(INDEX(Bands!$J$3:$J$6,MATCH(W26,Bands!$A$3:$A$6,0)),"")) -> Not deep golden-brown or reddish-brown (those match higher values). Avoid black or burnt chips. | AC26: =IF(X26="","",IFERROR(INDEX(Bands!$D$3:$D$6,MATCH(X26,Bands!$A$3:$A$6,0)),"")) -> Pale yellow to light golden, even colour, no brown spots | AD26: =IF(X26="","",IFERROR(INDEX(Bands!$J$3:$J$6,MATCH(X26,Bands!$A$3:$A$6,0)),"")) -> Not deep golden-brown or reddish-brown (those match higher values). Avoid black or burnt chips. | AE26: =IF(W26="","","Ch4a_"&TEXT(COUNT($G$2:G26),"000")&"_"&SUBSTITUTE(W26," ","-")&"_"&TEXT(G26,"0")&".jpg") -> Ch4a_022_Low_296.jpg | AF26: =IF(X26="","","Ch4b_"&TEXT(COUNT($R$2:R26),"000")&"_"&SUBSTITUTE(X26," ","-")&"_"&TEXT(R26,"0")&".jpg") -> Ch4b_022_Low_497.jpg
D27: 5 | E27: 1.0032 | F27: 22.522756 | G27: 224.50913 | O27: 5 | P27: 1.0356 | Q27: 29.149636 | R27: 281.47582 | T27: 31.08 | U27: 2.11 | V27: 14.3 | W27: =IF(NOT(ISNUMBER(G27)),"",IF(G27<Bands!$B$4,"Low",IF(G27<Bands!$B$5,"Medium",IF(G27<Bands!$B$6,"High","Very high")))) -> Low | X27: =IF(NOT(ISNUMBER(R27)),"",IF(R27<Bands!$B$4,"Low",IF(R27<Bands!$B$5,"Medium",IF(R27<Bands!$B$6,"High","Very high")))) -> Low | Z27: =IF(NOT(ISNUMBER(U27)),"",IF(U27<Bands!$B$18,"Light",IF(U27<Bands!$B$19,"Medium","Dark"))) -> Light | AA27: =IF(W27="","",IFERROR(INDEX(Bands!$D$3:$D$6,MATCH(W27,Bands!$A$3:$A$6,0)),"")) -> Pale yellow to light golden, even colour, no brown spots | AB27: =IF(W27="","",IFERROR(INDEX(Bands!$J$3:$J$6,MATCH(W27,Bands!$A$3:$A$6,0)),"")) -> Not deep golden-brown or reddish-brown (those match higher values). Avoid black or burnt chips. | AC27: =IF(X27="","",IFERROR(INDEX(Bands!$D$3:$D$6,MATCH(X27,Bands!$A$3:$A$6,0)),"")) -> Pale yellow to light golden, even colour, no brown spots | AD27: =IF(X27="","",IFERROR(INDEX(Bands!$J$3:$J$6,MATCH(X27,Bands!$A$3:$A$6,0)),"")) -> Not deep golden-brown or reddish-brown (those match higher values). Avoid black or burnt chips. | AE27: =IF(W27="","","Ch4a_"&TEXT(COUNT($G$2:G27),"000")&"_"&SUBSTITUTE(W27," ","-")&"_"&TEXT(G27,"0")&".jpg") -> Ch4a_023_Low_225.jpg | AF27: =IF(X27="","","Ch4b_"&TEXT(COUNT($R$2:R27),"000")&"_"&SUBSTITUTE(X27," ","-")&"_"&TEXT(R27,"0")&".jpg") -> Ch4b_023_Low_281.jpg
D28: 6 | E28: 1.0062 | F28: 45.816709 | G28: 455.34396 | O28: 6 | P28: 1.0208 | Q28: 95.824233 | R28: 938.71702 | W28: =IF(NOT(ISNUMBER(G28)),"",IF(G28<Bands!$B$4,"Low",IF(G28<Bands!$B$5,"Medium",IF(G28<Bands!$B$6,"High","Very high")))) -> Low | X28: =IF(NOT(ISNUMBER(R28)),"",IF(R28<Bands!$B$4,"Low",IF(R28<Bands!$B$5,"Medium",IF(R28<Bands!$B$6,"High","Very high")))) -> Medium | AA28: =IF(W28="","",IFERROR(INDEX(Bands!$D$3:$D$6,MATCH(W28,Bands!$A$3:$A$6,0)),"")) -> Pale yellow to light golden, even colour, no brown spots | AB28: =IF(W28="","",IFERROR(INDEX(Bands!$J$3:$J$6,MATCH(W28,Bands!$A$3:$A$6,0)),"")) -> Not deep golden-brown or reddish-brown (those match higher values). Avoid black or burnt chips. | AC28: =IF(X28="","",IFERROR(INDEX(Bands!$D$3:$D$6,MATCH(X28,Bands!$A$3:$A$6,0)),"")) -> Golden yellow with light brown at some edges or small spots | AD28: =IF(X28="","",IFERROR(INDEX(Bands!$J$3:$J$6,MATCH(X28,Bands!$A$3:$A$6,0)),"")) -> Not pale yellow (matches a low value) and not deep reddish-brown (matches a high value). Avoid black or burnt chips. | AE28: =IF(W28="","","Ch4a_"&TEXT(COUNT($G$2:G28),"000")&"_"&SUBSTITUTE(W28," ","-")&"_"&TEXT(G28,"0")&".jpg") -> Ch4a_024_Low_455.jpg | AF28: =IF(X28="","","Ch4b_"&TEXT(COUNT($R$2:R28),"000")&"_"&SUBSTITUTE(X28," ","-")&"_"&TEXT(R28,"0")&".jpg") -> Ch4b_024_Medium_939.jpg
C30: Lady Claire Mint essential oil controls | D30: 1 | E30: 1.003 | F30: 27.528224 | G30: 274.45886 | N30: Taurus Mint essential oil 1 treatment | O30: 1 | P30: 0.99 | Q30: 98.896659 | R30: 998.95616 | T30: 40.54 | U30: 4.31 | V30: 20.81 | W30: =IF(NOT(ISNUMBER(G30)),"",IF(G30<Bands!$B$4,"Low",IF(G30<Bands!$B$5,"Medium",IF(G30<Bands!$B$6,"High","Very high")))) -> Low | X30: =IF(NOT(ISNUMBER(R30)),"",IF(R30<Bands!$B$4,"Low",IF(R30<Bands!$B$5,"Medium",IF(R30<Bands!$B$6,"High","Very high")))) -> Medium | Z30: =IF(NOT(ISNUMBER(U30)),"",IF(U30<Bands!$B$18,"Light",IF(U30<Bands!$B$19,"Medium","Dark"))) -> Medium | AA30: =IF(W30="","",IFERROR(INDEX(Bands!$D$3:$D$6,MATCH(W30,Bands!$A$3:$A$6,0)),"")) -> Pale yellow to light golden, even colour, no brown spots | AB30: =IF(W30="","",IFERROR(INDEX(Bands!$J$3:$J$6,MATCH(W30,Bands!$A$3:$A$6,0)),"")) -> Not deep golden-brown or reddish-brown (those match higher values). Avoid black or burnt chips. | AC30: =IF(X30="","",IFERROR(INDEX(Bands!$D$3:$D$6,MATCH(X30,Bands!$A$3:$A$6,0)),"")) -> Golden yellow with light brown at some edges or small spots | AD30: =IF(X30="","",IFERROR(INDEX(Bands!$J$3:$J$6,MATCH(X30,Bands!$A$3:$A$6,0)),"")) -> Not pale yellow (matches a low value) and not deep reddish-brown (matches a high value). Avoid black or burnt chips. | AE30: =IF(W30="","","Ch4a_"&TEXT(COUNT($G$2:G30),"000")&"_"&SUBSTITUTE(W30," ","-")&"_"&TEXT(G30,"0")&".jpg") -> Ch4a_025_Low_274.jpg | AF30: =IF(X30="","","Ch4b_"&TEXT(COUNT($R$2:R30),"000")&"_"&SUBSTITUTE(X30," ","-")&"_"&TEXT(R30,"0")&".jpg") -> Ch4b_025_Medium_999.jpg
D31: 2 | E31: 1.0088 | F31: 32.073565 | G31: 317.9378 | O31: 2 | P31: 0.9881 | Q31: 105.47026 | R31: 1067.4047 | W31: =IF(NOT(ISNUMBER(G31)),"",IF(G31<Bands!$B$4,"Low",IF(G31<Bands!$B$5,"Medium",IF(G31<Bands!$B$6,"High","Very high")))) -> Low | X31: =IF(NOT(ISNUMBER(R31)),"",IF(R31<Bands!$B$4,"Low",IF(R31<Bands!$B$5,"Medium",IF(R31<Bands!$B$6,"High","Very high")))) -> High | AA31: =IF(W31="","",IFERROR(INDEX(Bands!$D$3:$D$6,MATCH(W31,Bands!$A$3:$A$6,0)),"")) -> Pale yellow to light golden, even colour, no brown spots | AB31: =IF(W31="","",IFERROR(INDEX(Bands!$J$3:$J$6,MATCH(W31,Bands!$A$3:$A$6,0)),"")) -> Not deep golden-brown or reddish-brown (those match higher values). Avoid black or burnt chips. | AC31: =IF(X31="","",IFERROR(INDEX(Bands!$D$3:$D$6,MATCH(X31,Bands!$A$3:$A$6,0)),"")) -> Golden-brown with a reddish tint, brown edges, somewhat uneven | AD31: =IF(X31="","",IFERROR(INDEX(Bands!$J$3:$J$6,MATCH(X31,Bands!$A$3:$A$6,0)),"")) -> Not pale yellow, which would match a low value. Not black or burnt, since very dark chips can have lower acrylamide. | AE31: =IF(W31="","","Ch4a_"&TEXT(COUNT($G$2:G31),"000")&"_"&SUBSTITUTE(W31," ","-")&"_"&TEXT(G31,"0")&".jpg") -> Ch4a_026_Low_318.jpg | AF31: =IF(X31="","","Ch4b_"&TEXT(COUNT($R$2:R31),"000")&"_"&SUBSTITUTE(X31," ","-")&"_"&TEXT(R31,"0")&".jpg") -> Ch4b_026_High_1067.jpg
D32: 3 | E32: 1.0078 | F32: 41.060714 | G32: 407.42919 | O32: 3 | P32: 0.9814 | Q32: 18.44558 | R32: 187.9517 | W32: =IF(NOT(ISNUMBER(G32)),"",IF(G32<Bands!$B$4,"Low",IF(G32<Bands!$B$5,"Medium",IF(G32<Bands!$B$6,"High","Very high")))) -> Low | X32: =IF(NOT(ISNUMBER(R32)),"",IF(R32<Bands!$B$4,"Low",IF(R32<Bands!$B$5,"Medium",IF(R32<Bands!$B$6,"High","Very high")))) -> Low | AA32: =IF(W32="","",IFERROR(INDEX(Bands!$D$3:$D$6,MATCH(W32,Bands!$A$3:$A$6,0)),"")) -> Pale yellow to light golden, even colour, no brown spots | AB32: =IF(W32="","",IFERROR(INDEX(Bands!$J$3:$J$6,MATCH(W32,Bands!$A$3:$A$6,0)),"")) -> Not deep golden-brown or reddish-brown (those match higher values). Avoid black or burnt chips. | AC32: =IF(X32="","",IFERROR(INDEX(Bands!$D$3:$D$6,MATCH(X32,Bands!$A$3:$A$6,0)),"")) -> Pale yellow to light golden, even colour, no brown spots | AD32: =IF(X32="","",IFERROR(INDEX(Bands!$J$3:$J$6,MATCH(X32,Bands!$A$3:$A$6,0)),"")) -> Not deep golden-brown or reddish-brown (those match higher values). Avoid black or burnt chips. | AE32: =IF(W32="","","Ch4a_"&TEXT(COUNT($G$2:G32),"000")&"_"&SUBSTITUTE(W32," ","-")&"_"&TEXT(G32,"0")&".jpg") -> Ch4a_027_Low_407.jpg | AF32: =IF(X32="","","Ch4b_"&TEXT(COUNT($R$2:R32),"000")&"_"&SUBSTITUTE(X32," ","-")&"_"&TEXT(R32,"0")&".jpg") -> Ch4b_027_Low_188.jpg
D33: 4 | E33: 1.0028 | F33: 27.970664 | G33: 278.92564 | O33: 4 | P33: 1.0339 | Q33: 329.81926 | R33: 3190.0499 | W33: =IF(NOT(ISNUMBER(G33)),"",IF(G33<Bands!$B$4,"Low",IF(G33<Bands!$B$5,"Medium",IF(G33<Bands!$B$6,"High","Very high")))) -> Low | X33: =IF(NOT(ISNUMBER(R33)),"",IF(R33<Bands!$B$4,"Low",IF(R33<Bands!$B$5,"Medium",IF(R33<Bands!$B$6,"High","Very high")))) -> Very high | AA33: =IF(W33="","",IFERROR(INDEX(Bands!$D$3:$D$6,MATCH(W33,Bands!$A$3:$A$6,0)),"")) -> Pale yellow to light golden, even colour, no brown spots | AB33: =IF(W33="","",IFERROR(INDEX(Bands!$J$3:$J$6,MATCH(W33,Bands!$A$3:$A$6,0)),"")) -> Not deep golden-brown or reddish-brown (those match higher values). Avoid black or burnt chips. | AC33: =IF(X33="","",IFERROR(INDEX(Bands!$D$3:$D$6,MATCH(X33,Bands!$A$3:$A$6,0)),"")) -> Deep golden-brown to medium brown with a reddish tone; edges darkest, centre golden or light brown | AD33: =IF(X33="","",IFERROR(INDEX(Bands!$J$3:$J$6,MATCH(X33,Bands!$A$3:$A$6,0)),"")) -> Not pale yellow, which would match a low value, or black and burnt, since very dark chips can have lower acrylamide. | AE33: =IF(W33="","","Ch4a_"&TEXT(COUNT($G$2:G33),"000")&"_"&SUBSTITUTE(W33," ","-")&"_"&TEXT(G33,"0")&".jpg") -> Ch4a_028_Low_279.jpg | AF33: =IF(X33="","","Ch4b_"&TEXT(COUNT($R$2:R33),"000")&"_"&SUBSTITUTE(X33," ","-")&"_"&TEXT(R33,"0")&".jpg") -> Ch4b_028_Very-high_3190.jpg
D34: 5 | E34: 1.0009 | F34: 15.513435 | G34: 154.99485 | O34: 5 | P34: 1.0039 | Q34: 27.321168 | R34: 272.1503 | T34: 34.13 | U34: 2.23 | V34: 16.07 | W34: =IF(NOT(ISNUMBER(G34)),"",IF(G34<Bands!$B$4,"Low",IF(G34<Bands!$B$5,"Medium",IF(G34<Bands!$B$6,"High","Very high")))) -> Low | X34: =IF(NOT(ISNUMBER(R34)),"",IF(R34<Bands!$B$4,"Low",IF(R34<Bands!$B$5,"Medium",IF(R34<Bands!$B$6,"High","Very high")))) -> Low | Z34: =IF(NOT(ISNUMBER(U34)),"",IF(U34<Bands!$B$18,"Light",IF(U34<Bands!$B$19,"Medium","Dark"))) -> Light | AA34: =IF(W34="","",IFERROR(INDEX(Bands!$D$3:$D$6,MATCH(W34,Bands!$A$3:$A$6,0)),"")) -> Pale yellow to light golden, even colour, no brown spots | AB34: =IF(W34="","",IFERROR(INDEX(Bands!$J$3:$J$6,MATCH(W34,Bands!$A$3:$A$6,0)),"")) -> Not deep golden-brown or reddish-brown (those match higher values). Avoid black or burnt chips. | AC34: =IF(X34="","",IFERROR(INDEX(Bands!$D$3:$D$6,MATCH(X34,Bands!$A$3:$A$6,0)),"")) -> Pale yellow to light golden, even colour, no brown spots | AD34: =IF(X34="","",IFERROR(INDEX(Bands!$J$3:$J$6,MATCH(X34,Bands!$A$3:$A$6,0)),"")) -> Not deep golden-brown or reddish-brown (those match higher values). Avoid black or burnt chips. | AE34: =IF(W34="","","Ch4a_"&TEXT(COUNT($G$2:G34),"000")&"_"&SUBSTITUTE(W34," ","-")&"_"&TEXT(G34,"0")&".jpg") -> Ch4a_029_Low_155.jpg | AF34: =IF(X34="","","Ch4b_"&TEXT(COUNT($R$2:R34),"000")&"_"&SUBSTITUTE(X34," ","-")&"_"&TEXT(R34,"0")&".jpg") -> Ch4b_029_Low_272.jpg
D35: 6 | E35: 1.0052 | F35: 26.187357 | G35: 260.51887 | O35: 6 | P35: 0.9878 | Q35: 30.761311 | R35: 311.41234 | T35: 29.93 | U35: 2.48 | V35: 14.6 | W35: =IF(NOT(ISNUMBER(G35)),"",IF(G35<Bands!$B$4,"Low",IF(G35<Bands!$B$5,"Medium",IF(G35<Bands!$B$6,"High","Very high")))) -> Low | X35: =IF(NOT(ISNUMBER(R35)),"",IF(R35<Bands!$B$4,"Low",IF(R35<Bands!$B$5,"Medium",IF(R35<Bands!$B$6,"High","Very high")))) -> Low | Z35: =IF(NOT(ISNUMBER(U35)),"",IF(U35<Bands!$B$18,"Light",IF(U35<Bands!$B$19,"Medium","Dark"))) -> Light | AA35: =IF(W35="","",IFERROR(INDEX(Bands!$D$3:$D$6,MATCH(W35,Bands!$A$3:$A$6,0)),"")) -> Pale yellow to light golden, even colour, no brown spots | AB35: =IF(W35="","",IFERROR(INDEX(Bands!$J$3:$J$6,MATCH(W35,Bands!$A$3:$A$6,0)),"")) -> Not deep golden-brown or reddish-brown (those match higher values). Avoid black or burnt chips. | AC35: =IF(X35="","",IFERROR(INDEX(Bands!$D$3:$D$6,MATCH(X35,Bands!$A$3:$A$6,0)),"")) -> Pale yellow to light golden, even colour, no brown spots | AD35: =IF(X35="","",IFERROR(INDEX(Bands!$J$3:$J$6,MATCH(X35,Bands!$A$3:$A$6,0)),"")) -> Not deep golden-brown or reddish-brown (those match higher values). Avoid black or burnt chips. | AE35: =IF(W35="","","Ch4a_"&TEXT(COUNT($G$2:G35),"000")&"_"&SUBSTITUTE(W35," ","-")&"_"&TEXT(G35,"0")&".jpg") -> Ch4a_030_Low_261.jpg | AF35: =IF(X35="","","Ch4b_"&TEXT(COUNT($R$2:R35),"000")&"_"&SUBSTITUTE(X35," ","-")&"_"&TEXT(R35,"0")&".jpg") -> Ch4b_030_Low_311.jpg
B37: T=14 | C37: Lady Claire Mint essential oil treated | D37: 1 | E37: 1.0053 | F37: 53.570263 | G37: 532.87838 | N37: Taurus Mint essential oil 2 treatments | O37: 1 | P37: 1.0016 | Q37: 110.41024 | R37: 1102.3386 | T37: 39.83 | U37: 4.77 | V37: 21.84 | W37: =IF(NOT(ISNUMBER(G37)),"",IF(G37<Bands!$B$4,"Low",IF(G37<Bands!$B$5,"Medium",IF(G37<Bands!$B$6,"High","Very high")))) -> Medium | X37: =IF(NOT(ISNUMBER(R37)),"",IF(R37<Bands!$B$4,"Low",IF(R37<Bands!$B$5,"Medium",IF(R37<Bands!$B$6,"High","Very high")))) -> High | Z37: =IF(NOT(ISNUMBER(U37)),"",IF(U37<Bands!$B$18,"Light",IF(U37<Bands!$B$19,"Medium","Dark"))) -> Medium | AA37: =IF(W37="","",IFERROR(INDEX(Bands!$D$3:$D$6,MATCH(W37,Bands!$A$3:$A$6,0)),"")) -> Golden yellow with light brown at some edges or small spots | AB37: =IF(W37="","",IFERROR(INDEX(Bands!$J$3:$J$6,MATCH(W37,Bands!$A$3:$A$6,0)),"")) -> Not pale yellow (matches a low value) and not deep reddish-brown (matches a high value). Avoid black or burnt chips. | AC37: =IF(X37="","",IFERROR(INDEX(Bands!$D$3:$D$6,MATCH(X37,Bands!$A$3:$A$6,0)),"")) -> Golden-brown with a reddish tint, brown edges, somewhat uneven | AD37: =IF(X37="","",IFERROR(INDEX(Bands!$J$3:$J$6,MATCH(X37,Bands!$A$3:$A$6,0)),"")) -> Not pale yellow, which would match a low value. Not black or burnt, since very dark chips can have lower acrylamide. | AE37: =IF(W37="","","Ch4a_"&TEXT(COUNT($G$2:G37),"000")&"_"&SUBSTITUTE(W37," ","-")&"_"&TEXT(G37,"0")&".jpg") -> Ch4a_031_Medium_533.jpg | AF37: =IF(X37="","","Ch4b_"&TEXT(COUNT($R$2:R37),"000")&"_"&SUBSTITUTE(X37," ","-")&"_"&TEXT(R37,"0")&".jpg") -> Ch4b_031_High_1102.jpg
D38: 2 | E38: 1.0016 | F38: 64.77217 | G38: 646.687 | I38: 32.55 | J38: 3.68 | K38: 18.94 | O38: 2 | P38: 0.9803 | Q38: 27.466231 | R38: 280.18189 | W38: =IF(NOT(ISNUMBER(G38)),"",IF(G38<Bands!$B$4,"Low",IF(G38<Bands!$B$5,"Medium",IF(G38<Bands!$B$6,"High","Very high")))) -> Medium | X38: =IF(NOT(ISNUMBER(R38)),"",IF(R38<Bands!$B$4,"Low",IF(R38<Bands!$B$5,"Medium",IF(R38<Bands!$B$6,"High","Very high")))) -> Low | Y38: =IF(NOT(ISNUMBER(J38)),"",IF(J38<Bands!$B$18,"Light",IF(J38<Bands!$B$19,"Medium","Dark"))) -> Medium | AA38: =IF(W38="","",IFERROR(INDEX(Bands!$D$3:$D$6,MATCH(W38,Bands!$A$3:$A$6,0)),"")) -> Golden yellow with light brown at some edges or small spots | AB38: =IF(W38="","",IFERROR(INDEX(Bands!$J$3:$J$6,MATCH(W38,Bands!$A$3:$A$6,0)),"")) -> Not pale yellow (matches a low value) and not deep reddish-brown (matches a high value). Avoid black or burnt chips. | AC38: =IF(X38="","",IFERROR(INDEX(Bands!$D$3:$D$6,MATCH(X38,Bands!$A$3:$A$6,0)),"")) -> Pale yellow to light golden, even colour, no brown spots | AD38: =IF(X38="","",IFERROR(INDEX(Bands!$J$3:$J$6,MATCH(X38,Bands!$A$3:$A$6,0)),"")) -> Not deep golden-brown or reddish-brown (those match higher values). Avoid black or burnt chips. | AE38: =IF(W38="","","Ch4a_"&TEXT(COUNT($G$2:G38),"000")&"_"&SUBSTITUTE(W38," ","-")&"_"&TEXT(G38,"0")&".jpg") -> Ch4a_032_Medium_647.jpg | AF38: =IF(X38="","","Ch4b_"&TEXT(COUNT($R$2:R38),"000")&"_"&SUBSTITUTE(X38," ","-")&"_"&TEXT(R38,"0")&".jpg") -> Ch4b_032_Low_280.jpg
D39: 3 | E39: 1 | F39: 169.06631 | G39: 1690.6631 | O39: 3 | P39: 0.993 | Q39: 19.839183 | R39: 199.79036 | T39: 30.91 | U39: 2.85 | V39: 17.2 | W39: =IF(NOT(ISNUMBER(G39)),"",IF(G39<Bands!$B$4,"Low",IF(G39<Bands!$B$5,"Medium",IF(G39<Bands!$B$6,"High","Very high")))) -> High | X39: =IF(NOT(ISNUMBER(R39)),"",IF(R39<Bands!$B$4,"Low",IF(R39<Bands!$B$5,"Medium",IF(R39<Bands!$B$6,"High","Very high")))) -> Low | Z39: =IF(NOT(ISNUMBER(U39)),"",IF(U39<Bands!$B$18,"Light",IF(U39<Bands!$B$19,"Medium","Dark"))) -> Light | AA39: =IF(W39="","",IFERROR(INDEX(Bands!$D$3:$D$6,MATCH(W39,Bands!$A$3:$A$6,0)),"")) -> Golden-brown with a reddish tint, brown edges, somewhat uneven | AB39: =IF(W39="","",IFERROR(INDEX(Bands!$J$3:$J$6,MATCH(W39,Bands!$A$3:$A$6,0)),"")) -> Not pale yellow, which would match a low value. Not black or burnt, since very dark chips can have lower acrylamide. | AC39: =IF(X39="","",IFERROR(INDEX(Bands!$D$3:$D$6,MATCH(X39,Bands!$A$3:$A$6,0)),"")) -> Pale yellow to light golden, even colour, no brown spots | AD39: =IF(X39="","",IFERROR(INDEX(Bands!$J$3:$J$6,MATCH(X39,Bands!$A$3:$A$6,0)),"")) -> Not deep golden-brown or reddish-brown (those match higher values). Avoid black or burnt chips. | AE39: =IF(W39="","","Ch4a_"&TEXT(COUNT($G$2:G39),"000")&"_"&SUBSTITUTE(W39," ","-")&"_"&TEXT(G39,"0")&".jpg") -> Ch4a_033_High_1691.jpg | AF39: =IF(X39="","","Ch4b_"&TEXT(COUNT($R$2:R39),"000")&"_"&SUBSTITUTE(X39," ","-")&"_"&TEXT(R39,"0")&".jpg") -> Ch4b_033_Low_200.jpg
D40: 4 | E40: 1 | F40: 16.773069 | G40: 167.73069 | I40: 36.18 | J40: 3.26 | K40: 19.76 | O40: 4 | P40: 1.034 | Q40: 338.51148 | R40: 3273.8055 | T40: 32.88 | U40: 5.93 | V40: 20.78 | W40: =IF(NOT(ISNUMBER(G40)),"",IF(G40<Bands!$B$4,"Low",IF(G40<Bands!$B$5,"Medium",IF(G40<Bands!$B$6,"High","Very high")))) -> Low | X40: =IF(NOT(ISNUMBER(R40)),"",IF(R40<Bands!$B$4,"Low",IF(R40<Bands!$B$5,"Medium",IF(R40<Bands!$B$6,"High","Very high")))) -> Very high | Y40: =IF(NOT(ISNUMBER(J40)),"",IF(J40<Bands!$B$18,"Light",IF(J40<Bands!$B$19,"Medium","Dark"))) -> Medium | Z40: =IF(NOT(ISNUMBER(U40)),"",IF(U40<Bands!$B$18,"Light",IF(U40<Bands!$B$19,"Medium","Dark"))) -> Dark | AA40: =IF(W40="","",IFERROR(INDEX(Bands!$D$3:$D$6,MATCH(W40,Bands!$A$3:$A$6,0)),"")) -> Pale yellow to light golden, even colour, no brown spots | AB40: =IF(W40="","",IFERROR(INDEX(Bands!$J$3:$J$6,MATCH(W40,Bands!$A$3:$A$6,0)),"")) -> Not deep golden-brown or reddish-brown (those match higher values). Avoid black or burnt chips. | AC40: =IF(X40="","",IFERROR(INDEX(Bands!$D$3:$D$6,MATCH(X40,Bands!$A$3:$A$6,0)),"")) -> Deep golden-brown to medium brown with a reddish tone; edges darkest, centre golden or light brown | AD40: =IF(X40="","",IFERROR(INDEX(Bands!$J$3:$J$6,MATCH(X40,Bands!$A$3:$A$6,0)),"")) -> Not pale yellow, which would match a low value, or black and burnt, since very dark chips can have lower acrylamide. | AE40: =IF(W40="","","Ch4a_"&TEXT(COUNT($G$2:G40),"000")&"_"&SUBSTITUTE(W40," ","-")&"_"&TEXT(G40,"0")&".jpg") -> Ch4a_034_Low_168.jpg | AF40: =IF(X40="","","Ch4b_"&TEXT(COUNT($R$2:R40),"000")&"_"&SUBSTITUTE(X40," ","-")&"_"&TEXT(R40,"0")&".jpg") -> Ch4b_034_Very-high_3274.jpg
D41: 5 | E41: 1.0002 | F41: 30.57042 | G41: 305.64307 | O41: 5 | P41: 1.0099 | Q41: 29.955205 | R41: 296.61556 | W41: =IF(NOT(ISNUMBER(G41)),"",IF(G41<Bands!$B$4,"Low",IF(G41<Bands!$B$5,"Medium",IF(G41<Bands!$B$6,"High","Very high")))) -> Low | X41: =IF(NOT(ISNUMBER(R41)),"",IF(R41<Bands!$B$4,"Low",IF(R41<Bands!$B$5,"Medium",IF(R41<Bands!$B$6,"High","Very high")))) -> Low | AA41: =IF(W41="","",IFERROR(INDEX(Bands!$D$3:$D$6,MATCH(W41,Bands!$A$3:$A$6,0)),"")) -> Pale yellow to light golden, even colour, no brown spots | AB41: =IF(W41="","",IFERROR(INDEX(Bands!$J$3:$J$6,MATCH(W41,Bands!$A$3:$A$6,0)),"")) -> Not deep golden-brown or reddish-brown (those match higher values). Avoid black or burnt chips. | AC41: =IF(X41="","",IFERROR(INDEX(Bands!$D$3:$D$6,MATCH(X41,Bands!$A$3:$A$6,0)),"")) -> Pale yellow to light golden, even colour, no brown spots | AD41: =IF(X41="","",IFERROR(INDEX(Bands!$J$3:$J$6,MATCH(X41,Bands!$A$3:$A$6,0)),"")) -> Not deep golden-brown or reddish-brown (those match higher values). Avoid black or burnt chips. | AE41: =IF(W41="","","Ch4a_"&TEXT(COUNT($G$2:G41),"000")&"_"&SUBSTITUTE(W41," ","-")&"_"&TEXT(G41,"0")&".jpg") -> Ch4a_035_Low_306.jpg | AF41: =IF(X41="","","Ch4b_"&TEXT(COUNT($R$2:R41),"000")&"_"&SUBSTITUTE(X41," ","-")&"_"&TEXT(R41,"0")&".jpg") -> Ch4b_035_Low_297.jpg
D42: 6 | E42: 1.0015 | F42: 25.266053 | G42: 252.28211 | I42: 38.12 | J42: 3.28 | K42: 20.88 | O42: 6 | P42: 1.0191 | Q42: 87.564329 | R42: 859.23196 | W42: =IF(NOT(ISNUMBER(G42)),"",IF(G42<Bands!$B$4,"Low",IF(G42<Bands!$B$5,"Medium",IF(G42<Bands!$B$6,"High","Very high")))) -> Low | X42: =IF(NOT(ISNUMBER(R42)),"",IF(R42<Bands!$B$4,"Low",IF(R42<Bands!$B$5,"Medium",IF(R42<Bands!$B$6,"High","Very high")))) -> Medium | Y42: =IF(NOT(ISNUMBER(J42)),"",IF(J42<Bands!$B$18,"Light",IF(J42<Bands!$B$19,"Medium","Dark"))) -> Medium | AA42: =IF(W42="","",IFERROR(INDEX(Bands!$D$3:$D$6,MATCH(W42,Bands!$A$3:$A$6,0)),"")) -> Pale yellow to light golden, even colour, no brown spots | AB42: =IF(W42="","",IFERROR(INDEX(Bands!$J$3:$J$6,MATCH(W42,Bands!$A$3:$A$6,0)),"")) -> Not deep golden-brown or reddish-brown (those match higher values). Avoid black or burnt chips. | AC42: =IF(X42="","",IFERROR(INDEX(Bands!$D$3:$D$6,MATCH(X42,Bands!$A$3:$A$6,0)),"")) -> Golden yellow with light brown at some edges or small spots | AD42: =IF(X42="","",IFERROR(INDEX(Bands!$J$3:$J$6,MATCH(X42,Bands!$A$3:$A$6,0)),"")) -> Not pale yellow (matches a low value) and not deep reddish-brown (matches a high value). Avoid black or burnt chips. | AE42: =IF(W42="","","Ch4a_"&TEXT(COUNT($G$2:G42),"000")&"_"&SUBSTITUTE(W42," ","-")&"_"&TEXT(G42,"0")&".jpg") -> Ch4a_036_Low_252.jpg | AF42: =IF(X42="","","Ch4b_"&TEXT(COUNT($R$2:R42),"000")&"_"&SUBSTITUTE(X42," ","-")&"_"&TEXT(R42,"0")&".jpg") -> Ch4b_036_Medium_859.jpg
C44: Lady Claire Mint essential oil controls | D44: 1 | E44: 1.0002 | F44: 24.061377 | G44: 240.56565 | W44: =IF(NOT(ISNUMBER(G44)),"",IF(G44<Bands!$B$4,"Low",IF(G44<Bands!$B$5,"Medium",IF(G44<Bands!$B$6,"High","Very high")))) -> Low | AA44: =IF(W44="","",IFERROR(INDEX(Bands!$D$3:$D$6,MATCH(W44,Bands!$A$3:$A$6,0)),"")) -> Pale yellow to light golden, even colour, no brown spots | AB44: =IF(W44="","",IFERROR(INDEX(Bands!$J$3:$J$6,MATCH(W44,Bands!$A$3:$A$6,0)),"")) -> Not deep golden-brown or reddish-brown (those match higher values). Avoid black or burnt chips. | AE44: =IF(W44="","","Ch4a_"&TEXT(COUNT($G$2:G44),"000")&"_"&SUBSTITUTE(W44," ","-")&"_"&TEXT(G44,"0")&".jpg") -> Ch4a_037_Low_241.jpg
D45: 2 | E45: 1.0041 | F45: 68.134496 | G45: 678.56285 | I45: 26.84 | J45: 5.84 | K45: 16.88 | W45: =IF(NOT(ISNUMBER(G45)),"",IF(G45<Bands!$B$4,"Low",IF(G45<Bands!$B$5,"Medium",IF(G45<Bands!$B$6,"High","Very high")))) -> Medium | Y45: =IF(NOT(ISNUMBER(J45)),"",IF(J45<Bands!$B$18,"Light",IF(J45<Bands!$B$19,"Medium","Dark"))) -> Dark | AA45: =IF(W45="","",IFERROR(INDEX(Bands!$D$3:$D$6,MATCH(W45,Bands!$A$3:$A$6,0)),"")) -> Golden yellow with light brown at some edges or small spots | AB45: =IF(W45="","",IFERROR(INDEX(Bands!$J$3:$J$6,MATCH(W45,Bands!$A$3:$A$6,0)),"")) -> Not pale yellow (matches a low value) and not deep reddish-brown (matches a high value). Avoid black or burnt chips. | AE45: =IF(W45="","","Ch4a_"&TEXT(COUNT($G$2:G45),"000")&"_"&SUBSTITUTE(W45," ","-")&"_"&TEXT(G45,"0")&".jpg") -> Ch4a_038_Medium_679.jpg
D46: 3 | E46: 1.0009 | F46: 13.041356 | G46: 130.29629 | I46: 37.88 | J46: 2.84 | K46: 20.43 | W46: =IF(NOT(ISNUMBER(G46)),"",IF(G46<Bands!$B$4,"Low",IF(G46<Bands!$B$5,"Medium",IF(G46<Bands!$B$6,"High","Very high")))) -> Low | Y46: =IF(NOT(ISNUMBER(J46)),"",IF(J46<Bands!$B$18,"Light",IF(J46<Bands!$B$19,"Medium","Dark"))) -> Light | AA46: =IF(W46="","",IFERROR(INDEX(Bands!$D$3:$D$6,MATCH(W46,Bands!$A$3:$A$6,0)),"")) -> Pale yellow to light golden, even colour, no brown spots | AB46: =IF(W46="","",IFERROR(INDEX(Bands!$J$3:$J$6,MATCH(W46,Bands!$A$3:$A$6,0)),"")) -> Not deep golden-brown or reddish-brown (those match higher values). Avoid black or burnt chips. | AE46: =IF(W46="","","Ch4a_"&TEXT(COUNT($G$2:G46),"000")&"_"&SUBSTITUTE(W46," ","-")&"_"&TEXT(G46,"0")&".jpg") -> Ch4a_039_Low_130.jpg
D47: 4 | E47: 1.0048 | F47: 57.857702 | G47: 575.81312 | W47: =IF(NOT(ISNUMBER(G47)),"",IF(G47<Bands!$B$4,"Low",IF(G47<Bands!$B$5,"Medium",IF(G47<Bands!$B$6,"High","Very high")))) -> Medium | AA47: =IF(W47="","",IFERROR(INDEX(Bands!$D$3:$D$6,MATCH(W47,Bands!$A$3:$A$6,0)),"")) -> Golden yellow with light brown at some edges or small spots | AB47: =IF(W47="","",IFERROR(INDEX(Bands!$J$3:$J$6,MATCH(W47,Bands!$A$3:$A$6,0)),"")) -> Not pale yellow (matches a low value) and not deep reddish-brown (matches a high value). Avoid black or burnt chips. | AE47: =IF(W47="","","Ch4a_"&TEXT(COUNT($G$2:G47),"000")&"_"&SUBSTITUTE(W47," ","-")&"_"&TEXT(G47,"0")&".jpg") -> Ch4a_040_Medium_576.jpg
D48: 5 | E48: 1.0021 | F48: 13.308016 | G48: 132.80127 | W48: =IF(NOT(ISNUMBER(G48)),"",IF(G48<Bands!$B$4,"Low",IF(G48<Bands!$B$5,"Medium",IF(G48<Bands!$B$6,"High","Very high")))) -> Low | AA48: =IF(W48="","",IFERROR(INDEX(Bands!$D$3:$D$6,MATCH(W48,Bands!$A$3:$A$6,0)),"")) -> Pale yellow to light golden, even colour, no brown spots | AB48: =IF(W48="","",IFERROR(INDEX(Bands!$J$3:$J$6,MATCH(W48,Bands!$A$3:$A$6,0)),"")) -> Not deep golden-brown or reddish-brown (those match higher values). Avoid black or burnt chips. | AE48: =IF(W48="","","Ch4a_"&TEXT(COUNT($G$2:G48),"000")&"_"&SUBSTITUTE(W48," ","-")&"_"&TEXT(G48,"0")&".jpg") -> Ch4a_041_Low_133.jpg
D49: 6 | E49: 1.0051 | F49: 32.559029 | G49: 323.93821 | I49: 41.98 | J49: 3.44 | K49: 21.86 | W49: =IF(NOT(ISNUMBER(G49)),"",IF(G49<Bands!$B$4,"Low",IF(G49<Bands!$B$5,"Medium",IF(G49<Bands!$B$6,"High","Very high")))) -> Low | Y49: =IF(NOT(ISNUMBER(J49)),"",IF(J49<Bands!$B$18,"Light",IF(J49<Bands!$B$19,"Medium","Dark"))) -> Medium | AA49: =IF(W49="","",IFERROR(INDEX(Bands!$D$3:$D$6,MATCH(W49,Bands!$A$3:$A$6,0)),"")) -> Pale yellow to light golden, even colour, no brown spots | AB49: =IF(W49="","",IFERROR(INDEX(Bands!$J$3:$J$6,MATCH(W49,Bands!$A$3:$A$6,0)),"")) -> Not deep golden-brown or reddish-brown (those match higher values). Avoid black or burnt chips. | AE49: =IF(W49="","","Ch4a_"&TEXT(COUNT($G$2:G49),"000")&"_"&SUBSTITUTE(W49," ","-")&"_"&TEXT(G49,"0")&".jpg") -> Ch4a_042_Low_324.jpg
B51: T=28 | C51: Lady Claire Mint essential oil treated | D51: 1 | E51: 1.0005 | F51: 26.405341 | G51: 263.92145 | W51: =IF(NOT(ISNUMBER(G51)),"",IF(G51<Bands!$B$4,"Low",IF(G51<Bands!$B$5,"Medium",IF(G51<Bands!$B$6,"High","Very high")))) -> Low | AA51: =IF(W51="","",IFERROR(INDEX(Bands!$D$3:$D$6,MATCH(W51,Bands!$A$3:$A$6,0)),"")) -> Pale yellow to light golden, even colour, no brown spots | AB51: =IF(W51="","",IFERROR(INDEX(Bands!$J$3:$J$6,MATCH(W51,Bands!$A$3:$A$6,0)),"")) -> Not deep golden-brown or reddish-brown (those match higher values). Avoid black or burnt chips. | AE51: =IF(W51="","","Ch4a_"&TEXT(COUNT($G$2:G51),"000")&"_"&SUBSTITUTE(W51," ","-")&"_"&TEXT(G51,"0")&".jpg") -> Ch4a_043_Low_264.jpg
D52: 2 | E52: 1.0045 | F52: 61.607665 | G52: 613.31673 | W52: =IF(NOT(ISNUMBER(G52)),"",IF(G52<Bands!$B$4,"Low",IF(G52<Bands!$B$5,"Medium",IF(G52<Bands!$B$6,"High","Very high")))) -> Medium | AA52: =IF(W52="","",IFERROR(INDEX(Bands!$D$3:$D$6,MATCH(W52,Bands!$A$3:$A$6,0)),"")) -> Golden yellow with light brown at some edges or small spots | AB52: =IF(W52="","",IFERROR(INDEX(Bands!$J$3:$J$6,MATCH(W52,Bands!$A$3:$A$6,0)),"")) -> Not pale yellow (matches a low value) and not deep reddish-brown (matches a high value). Avoid black or burnt chips. | AE52: =IF(W52="","","Ch4a_"&TEXT(COUNT($G$2:G52),"000")&"_"&SUBSTITUTE(W52," ","-")&"_"&TEXT(G52,"0")&".jpg") -> Ch4a_044_Medium_613.jpg
D53: 3 | E53: 1.0076 | F53: 21.023187 | G53: 208.64616 | W53: =IF(NOT(ISNUMBER(G53)),"",IF(G53<Bands!$B$4,"Low",IF(G53<Bands!$B$5,"Medium",IF(G53<Bands!$B$6,"High","Very high")))) -> Low | AA53: =IF(W53="","",IFERROR(INDEX(Bands!$D$3:$D$6,MATCH(W53,Bands!$A$3:$A$6,0)),"")) -> Pale yellow to light golden, even colour, no brown spots | AB53: =IF(W53="","",IFERROR(INDEX(Bands!$J$3:$J$6,MATCH(W53,Bands!$A$3:$A$6,0)),"")) -> Not deep golden-brown or reddish-brown (those match higher values). Avoid black or burnt chips. | AE53: =IF(W53="","","Ch4a_"&TEXT(COUNT($G$2:G53),"000")&"_"&SUBSTITUTE(W53," ","-")&"_"&TEXT(G53,"0")&".jpg") -> Ch4a_045_Low_209.jpg
D54: 4 | E54: 1.0012 | F54: 17.56567 | G54: 175.44616 | W54: =IF(NOT(ISNUMBER(G54)),"",IF(G54<Bands!$B$4,"Low",IF(G54<Bands!$B$5,"Medium",IF(G54<Bands!$B$6,"High","Very high")))) -> Low | AA54: =IF(W54="","",IFERROR(INDEX(Bands!$D$3:$D$6,MATCH(W54,Bands!$A$3:$A$6,0)),"")) -> Pale yellow to light golden, even colour, no brown spots | AB54: =IF(W54="","",IFERROR(INDEX(Bands!$J$3:$J$6,MATCH(W54,Bands!$A$3:$A$6,0)),"")) -> Not deep golden-brown or reddish-brown (those match higher values). Avoid black or burnt chips. | AE54: =IF(W54="","","Ch4a_"&TEXT(COUNT($G$2:G54),"000")&"_"&SUBSTITUTE(W54," ","-")&"_"&TEXT(G54,"0")&".jpg") -> Ch4a_046_Low_175.jpg
D55: 5 | E55: 1.0076 | F55: 42.670755 | G55: 423.48904 | W55: =IF(NOT(ISNUMBER(G55)),"",IF(G55<Bands!$B$4,"Low",IF(G55<Bands!$B$5,"Medium",IF(G55<Bands!$B$6,"High","Very high")))) -> Low | AA55: =IF(W55="","",IFERROR(INDEX(Bands!$D$3:$D$6,MATCH(W55,Bands!$A$3:$A$6,0)),"")) -> Pale yellow to light golden, even colour, no brown spots | AB55: =IF(W55="","",IFERROR(INDEX(Bands!$J$3:$J$6,MATCH(W55,Bands!$A$3:$A$6,0)),"")) -> Not deep golden-brown or reddish-brown (those match higher values). Avoid black or burnt chips. | AE55: =IF(W55="","","Ch4a_"&TEXT(COUNT($G$2:G55),"000")&"_"&SUBSTITUTE(W55," ","-")&"_"&TEXT(G55,"0")&".jpg") -> Ch4a_047_Low_423.jpg
D56: 6 | E56: 1.0054 | F56: 25.729278 | G56: 255.91086 | W56: =IF(NOT(ISNUMBER(G56)),"",IF(G56<Bands!$B$4,"Low",IF(G56<Bands!$B$5,"Medium",IF(G56<Bands!$B$6,"High","Very high")))) -> Low | AA56: =IF(W56="","",IFERROR(INDEX(Bands!$D$3:$D$6,MATCH(W56,Bands!$A$3:$A$6,0)),"")) -> Pale yellow to light golden, even colour, no brown spots | AB56: =IF(W56="","",IFERROR(INDEX(Bands!$J$3:$J$6,MATCH(W56,Bands!$A$3:$A$6,0)),"")) -> Not deep golden-brown or reddish-brown (those match higher values). Avoid black or burnt chips. | AE56: =IF(W56="","","Ch4a_"&TEXT(COUNT($G$2:G56),"000")&"_"&SUBSTITUTE(W56," ","-")&"_"&TEXT(G56,"0")&".jpg") -> Ch4a_048_Low_256.jpg
C58: Lady Claire Mint essential oil controls | D58: 1 | E58: 1.0028 | F58: 31.076952 | G58: 309.90179 | W58: =IF(NOT(ISNUMBER(G58)),"",IF(G58<Bands!$B$4,"Low",IF(G58<Bands!$B$5,"Medium",IF(G58<Bands!$B$6,"High","Very high")))) -> Low | AA58: =IF(W58="","",IFERROR(INDEX(Bands!$D$3:$D$6,MATCH(W58,Bands!$A$3:$A$6,0)),"")) -> Pale yellow to light golden, even colour, no brown spots | AB58: =IF(W58="","",IFERROR(INDEX(Bands!$J$3:$J$6,MATCH(W58,Bands!$A$3:$A$6,0)),"")) -> Not deep golden-brown or reddish-brown (those match higher values). Avoid black or burnt chips. | AE58: =IF(W58="","","Ch4a_"&TEXT(COUNT($G$2:G58),"000")&"_"&SUBSTITUTE(W58," ","-")&"_"&TEXT(G58,"0")&".jpg") -> Ch4a_049_Low_310.jpg
D59: 2 | E59: 1.0067 | F59: 19.66608 | G59: 195.35194 | W59: =IF(NOT(ISNUMBER(G59)),"",IF(G59<Bands!$B$4,"Low",IF(G59<Bands!$B$5,"Medium",IF(G59<Bands!$B$6,"High","Very high")))) -> Low | AA59: =IF(W59="","",IFERROR(INDEX(Bands!$D$3:$D$6,MATCH(W59,Bands!$A$3:$A$6,0)),"")) -> Pale yellow to light golden, even colour, no brown spots | AB59: =IF(W59="","",IFERROR(INDEX(Bands!$J$3:$J$6,MATCH(W59,Bands!$A$3:$A$6,0)),"")) -> Not deep golden-brown or reddish-brown (those match higher values). Avoid black or burnt chips. | AE59: =IF(W59="","","Ch4a_"&TEXT(COUNT($G$2:G59),"000")&"_"&SUBSTITUTE(W59," ","-")&"_"&TEXT(G59,"0")&".jpg") -> Ch4a_050_Low_195.jpg
D60: 3 | E60: 1 | F60: 24.677249 | G60: 246.77249 | W60: =IF(NOT(ISNUMBER(G60)),"",IF(G60<Bands!$B$4,"Low",IF(G60<Bands!$B$5,"Medium",IF(G60<Bands!$B$6,"High","Very high")))) -> Low | AA60: =IF(W60="","",IFERROR(INDEX(Bands!$D$3:$D$6,MATCH(W60,Bands!$A$3:$A$6,0)),"")) -> Pale yellow to light golden, even colour, no brown spots | AB60: =IF(W60="","",IFERROR(INDEX(Bands!$J$3:$J$6,MATCH(W60,Bands!$A$3:$A$6,0)),"")) -> Not deep golden-brown or reddish-brown (those match higher values). Avoid black or burnt chips. | AE60: =IF(W60="","","Ch4a_"&TEXT(COUNT($G$2:G60),"000")&"_"&SUBSTITUTE(W60," ","-")&"_"&TEXT(G60,"0")&".jpg") -> Ch4a_051_Low_247.jpg
D61: 4 | E61: 1.0087 | F61: 19.504287 | G61: 193.36064 | W61: =IF(NOT(ISNUMBER(G61)),"",IF(G61<Bands!$B$4,"Low",IF(G61<Bands!$B$5,"Medium",IF(G61<Bands!$B$6,"High","Very high")))) -> Low | AA61: =IF(W61="","",IFERROR(INDEX(Bands!$D$3:$D$6,MATCH(W61,Bands!$A$3:$A$6,0)),"")) -> Pale yellow to light golden, even colour, no brown spots | AB61: =IF(W61="","",IFERROR(INDEX(Bands!$J$3:$J$6,MATCH(W61,Bands!$A$3:$A$6,0)),"")) -> Not deep golden-brown or reddish-brown (those match higher values). Avoid black or burnt chips. | AE61: =IF(W61="","","Ch4a_"&TEXT(COUNT($G$2:G61),"000")&"_"&SUBSTITUTE(W61," ","-")&"_"&TEXT(G61,"0")&".jpg") -> Ch4a_052_Low_193.jpg
D62: 5 | E62: 1.0079 | F62: 20.379978 | G62: 202.20238 | W62: =IF(NOT(ISNUMBER(G62)),"",IF(G62<Bands!$B$4,"Low",IF(G62<Bands!$B$5,"Medium",IF(G62<Bands!$B$6,"High","Very high")))) -> Low | AA62: =IF(W62="","",IFERROR(INDEX(Bands!$D$3:$D$6,MATCH(W62,Bands!$A$3:$A$6,0)),"")) -> Pale yellow to light golden, even colour, no brown spots | AB62: =IF(W62="","",IFERROR(INDEX(Bands!$J$3:$J$6,MATCH(W62,Bands!$A$3:$A$6,0)),"")) -> Not deep golden-brown or reddish-brown (those match higher values). Avoid black or burnt chips. | AE62: =IF(W62="","","Ch4a_"&TEXT(COUNT($G$2:G62),"000")&"_"&SUBSTITUTE(W62," ","-")&"_"&TEXT(G62,"0")&".jpg") -> Ch4a_053_Low_202.jpg
D63: 6 | E63: 1.0021 | F63: 31.659957 | G63: 315.93611 | W63: =IF(NOT(ISNUMBER(G63)),"",IF(G63<Bands!$B$4,"Low",IF(G63<Bands!$B$5,"Medium",IF(G63<Bands!$B$6,"High","Very high")))) -> Low | AA63: =IF(W63="","",IFERROR(INDEX(Bands!$D$3:$D$6,MATCH(W63,Bands!$A$3:$A$6,0)),"")) -> Pale yellow to light golden, even colour, no brown spots | AB63: =IF(W63="","",IFERROR(INDEX(Bands!$J$3:$J$6,MATCH(W63,Bands!$A$3:$A$6,0)),"")) -> Not deep golden-brown or reddish-brown (those match higher values). Avoid black or burnt chips. | AE63: =IF(W63="","","Ch4a_"&TEXT(COUNT($G$2:G63),"000")&"_"&SUBSTITUTE(W63," ","-")&"_"&TEXT(G63,"0")&".jpg") -> Ch4a_054_Low_316.jpg
B65: T=56 | C65: Lady Claire Mint essential oil treated | D65: 1 | E65: 1.0002 | F65: 16.370692 | G65: 163.67418 | W65: =IF(NOT(ISNUMBER(G65)),"",IF(G65<Bands!$B$4,"Low",IF(G65<Bands!$B$5,"Medium",IF(G65<Bands!$B$6,"High","Very high")))) -> Low | AA65: =IF(W65="","",IFERROR(INDEX(Bands!$D$3:$D$6,MATCH(W65,Bands!$A$3:$A$6,0)),"")) -> Pale yellow to light golden, even colour, no brown spots | AB65: =IF(W65="","",IFERROR(INDEX(Bands!$J$3:$J$6,MATCH(W65,Bands!$A$3:$A$6,0)),"")) -> Not deep golden-brown or reddish-brown (those match higher values). Avoid black or burnt chips. | AE65: =IF(W65="","","Ch4a_"&TEXT(COUNT($G$2:G65),"000")&"_"&SUBSTITUTE(W65," ","-")&"_"&TEXT(G65,"0")&".jpg") -> Ch4a_055_Low_164.jpg
D66: 2 | E66: 1.0064 | F66: 27.594634 | G66: 274.19152 | I66: 37.43 | J66: 2.49 | K66: 20.31 | W66: =IF(NOT(ISNUMBER(G66)),"",IF(G66<Bands!$B$4,"Low",IF(G66<Bands!$B$5,"Medium",IF(G66<Bands!$B$6,"High","Very high")))) -> Low | Y66: =IF(NOT(ISNUMBER(J66)),"",IF(J66<Bands!$B$18,"Light",IF(J66<Bands!$B$19,"Medium","Dark"))) -> Light | AA66: =IF(W66="","",IFERROR(INDEX(Bands!$D$3:$D$6,MATCH(W66,Bands!$A$3:$A$6,0)),"")) -> Pale yellow to light golden, even colour, no brown spots | AB66: =IF(W66="","",IFERROR(INDEX(Bands!$J$3:$J$6,MATCH(W66,Bands!$A$3:$A$6,0)),"")) -> Not deep golden-brown or reddish-brown (those match higher values). Avoid black or burnt chips. | AE66: =IF(W66="","","Ch4a_"&TEXT(COUNT($G$2:G66),"000")&"_"&SUBSTITUTE(W66," ","-")&"_"&TEXT(G66,"0")&".jpg") -> Ch4a_056_Low_274.jpg
D67: 3 | E67: 1.0088 | F67: 146.06351 | G67: 1447.8937 | W67: =IF(NOT(ISNUMBER(G67)),"",IF(G67<Bands!$B$4,"Low",IF(G67<Bands!$B$5,"Medium",IF(G67<Bands!$B$6,"High","Very high")))) -> High | AA67: =IF(W67="","",IFERROR(INDEX(Bands!$D$3:$D$6,MATCH(W67,Bands!$A$3:$A$6,0)),"")) -> Golden-brown with a reddish tint, brown edges, somewhat uneven | AB67: =IF(W67="","",IFERROR(INDEX(Bands!$J$3:$J$6,MATCH(W67,Bands!$A$3:$A$6,0)),"")) -> Not pale yellow, which would match a low value. Not black or burnt, since very dark chips can have lower acrylamide. | AE67: =IF(W67="","","Ch4a_"&TEXT(COUNT($G$2:G67),"000")&"_"&SUBSTITUTE(W67," ","-")&"_"&TEXT(G67,"0")&".jpg") -> Ch4a_057_High_1448.jpg
D68: 4 | E68: 1.0023 | F68: 45.043464 | G68: 449.40101 | I68: 45.14 | J68: 2.71 | K68: 21.21 | W68: =IF(NOT(ISNUMBER(G68)),"",IF(G68<Bands!$B$4,"Low",IF(G68<Bands!$B$5,"Medium",IF(G68<Bands!$B$6,"High","Very high")))) -> Low | Y68: =IF(NOT(ISNUMBER(J68)),"",IF(J68<Bands!$B$18,"Light",IF(J68<Bands!$B$19,"Medium","Dark"))) -> Light | AA68: =IF(W68="","",IFERROR(INDEX(Bands!$D$3:$D$6,MATCH(W68,Bands!$A$3:$A$6,0)),"")) -> Pale yellow to light golden, even colour, no brown spots | AB68: =IF(W68="","",IFERROR(INDEX(Bands!$J$3:$J$6,MATCH(W68,Bands!$A$3:$A$6,0)),"")) -> Not deep golden-brown or reddish-brown (those match higher values). Avoid black or burnt chips. | AE68: =IF(W68="","","Ch4a_"&TEXT(COUNT($G$2:G68),"000")&"_"&SUBSTITUTE(W68," ","-")&"_"&TEXT(G68,"0")&".jpg") -> Ch4a_058_Low_449.jpg
D69: 5 | E69: 1.0079 | F69: 24.326776 | G69: 241.36101 | I69: 40.12 | J69: 2.37 | K69: 19.55 | W69: =IF(NOT(ISNUMBER(G69)),"",IF(G69<Bands!$B$4,"Low",IF(G69<Bands!$B$5,"Medium",IF(G69<Bands!$B$6,"High","Very high")))) -> Low | Y69: =IF(NOT(ISNUMBER(J69)),"",IF(J69<Bands!$B$18,"Light",IF(J69<Bands!$B$19,"Medium","Dark"))) -> Light | AA69: =IF(W69="","",IFERROR(INDEX(Bands!$D$3:$D$6,MATCH(W69,Bands!$A$3:$A$6,0)),"")) -> Pale yellow to light golden, even colour, no brown spots | AB69: =IF(W69="","",IFERROR(INDEX(Bands!$J$3:$J$6,MATCH(W69,Bands!$A$3:$A$6,0)),"")) -> Not deep golden-brown or reddish-brown (those match higher values). Avoid black or burnt chips. | AE69: =IF(W69="","","Ch4a_"&TEXT(COUNT($G$2:G69),"000")&"_"&SUBSTITUTE(W69," ","-")&"_"&TEXT(G69,"0")&".jpg") -> Ch4a_059_Low_241.jpg
D70: 6 | E70: 1.0037 | F70: 27.178417 | G70: 270.78228 | W70: =IF(NOT(ISNUMBER(G70)),"",IF(G70<Bands!$B$4,"Low",IF(G70<Bands!$B$5,"Medium",IF(G70<Bands!$B$6,"High","Very high")))) -> Low | AA70: =IF(W70="","",IFERROR(INDEX(Bands!$D$3:$D$6,MATCH(W70,Bands!$A$3:$A$6,0)),"")) -> Pale yellow to light golden, even colour, no brown spots | AB70: =IF(W70="","",IFERROR(INDEX(Bands!$J$3:$J$6,MATCH(W70,Bands!$A$3:$A$6,0)),"")) -> Not deep golden-brown or reddish-brown (those match higher values). Avoid black or burnt chips. | AE70: =IF(W70="","","Ch4a_"&TEXT(COUNT($G$2:G70),"000")&"_"&SUBSTITUTE(W70," ","-")&"_"&TEXT(G70,"0")&".jpg") -> Ch4a_060_Low_271.jpg
C72: Lady Claire Mint essential oil controls | D72: 1 | E72: 1.0022 | F72: 35.740028 | G72: 356.61572 | I72: 35.55 | J72: 3.1 | K72: 19.2 | W72: =IF(NOT(ISNUMBER(G72)),"",IF(G72<Bands!$B$4,"Low",IF(G72<Bands!$B$5,"Medium",IF(G72<Bands!$B$6,"High","Very high")))) -> Low | Y72: =IF(NOT(ISNUMBER(J72)),"",IF(J72<Bands!$B$18,"Light",IF(J72<Bands!$B$19,"Medium","Dark"))) -> Medium | AA72: =IF(W72="","",IFERROR(INDEX(Bands!$D$3:$D$6,MATCH(W72,Bands!$A$3:$A$6,0)),"")) -> Pale yellow to light golden, even colour, no brown spots | AB72: =IF(W72="","",IFERROR(INDEX(Bands!$J$3:$J$6,MATCH(W72,Bands!$A$3:$A$6,0)),"")) -> Not deep golden-brown or reddish-brown (those match higher values). Avoid black or burnt chips. | AE72: =IF(W72="","","Ch4a_"&TEXT(COUNT($G$2:G72),"000")&"_"&SUBSTITUTE(W72," ","-")&"_"&TEXT(G72,"0")&".jpg") -> Ch4a_061_Low_357.jpg
D73: 2 | E73: 1.0015 | F73: 29.592725 | G73: 295.48402 | W73: =IF(NOT(ISNUMBER(G73)),"",IF(G73<Bands!$B$4,"Low",IF(G73<Bands!$B$5,"Medium",IF(G73<Bands!$B$6,"High","Very high")))) -> Low | AA73: =IF(W73="","",IFERROR(INDEX(Bands!$D$3:$D$6,MATCH(W73,Bands!$A$3:$A$6,0)),"")) -> Pale yellow to light golden, even colour, no brown spots | AB73: =IF(W73="","",IFERROR(INDEX(Bands!$J$3:$J$6,MATCH(W73,Bands!$A$3:$A$6,0)),"")) -> Not deep golden-brown or reddish-brown (those match higher values). Avoid black or burnt chips. | AE73: =IF(W73="","","Ch4a_"&TEXT(COUNT($G$2:G73),"000")&"_"&SUBSTITUTE(W73," ","-")&"_"&TEXT(G73,"0")&".jpg") -> Ch4a_062_Low_295.jpg
D74: 3 | E74: 1.0066 | F74: 21.029377 | G74: 208.91493 | I74: 50.03 | J74: 2 | K74: 21.82 | W74: =IF(NOT(ISNUMBER(G74)),"",IF(G74<Bands!$B$4,"Low",IF(G74<Bands!$B$5,"Medium",IF(G74<Bands!$B$6,"High","Very high")))) -> Low | Y74: =IF(NOT(ISNUMBER(J74)),"",IF(J74<Bands!$B$18,"Light",IF(J74<Bands!$B$19,"Medium","Dark"))) -> Light | AA74: =IF(W74="","",IFERROR(INDEX(Bands!$D$3:$D$6,MATCH(W74,Bands!$A$3:$A$6,0)),"")) -> Pale yellow to light golden, even colour, no brown spots | AB74: =IF(W74="","",IFERROR(INDEX(Bands!$J$3:$J$6,MATCH(W74,Bands!$A$3:$A$6,0)),"")) -> Not deep golden-brown or reddish-brown (those match higher values). Avoid black or burnt chips. | AE74: =IF(W74="","","Ch4a_"&TEXT(COUNT($G$2:G74),"000")&"_"&SUBSTITUTE(W74," ","-")&"_"&TEXT(G74,"0")&".jpg") -> Ch4a_063_Low_209.jpg
D75: 4 | E75: 1.008 | F75: 15.300094 | G75: 151.78665 | I75: 45.4 | J75: 2.43 | K75: 21.98 | W75: =IF(NOT(ISNUMBER(G75)),"",IF(G75<Bands!$B$4,"Low",IF(G75<Bands!$B$5,"Medium",IF(G75<Bands!$B$6,"High","Very high")))) -> Low | Y75: =IF(NOT(ISNUMBER(J75)),"",IF(J75<Bands!$B$18,"Light",IF(J75<Bands!$B$19,"Medium","Dark"))) -> Light | AA75: =IF(W75="","",IFERROR(INDEX(Bands!$D$3:$D$6,MATCH(W75,Bands!$A$3:$A$6,0)),"")) -> Pale yellow to light golden, even colour, no brown spots | AB75: =IF(W75="","",IFERROR(INDEX(Bands!$J$3:$J$6,MATCH(W75,Bands!$A$3:$A$6,0)),"")) -> Not deep golden-brown or reddish-brown (those match higher values). Avoid black or burnt chips. | AE75: =IF(W75="","","Ch4a_"&TEXT(COUNT($G$2:G75),"000")&"_"&SUBSTITUTE(W75," ","-")&"_"&TEXT(G75,"0")&".jpg") -> Ch4a_064_Low_152.jpg
D76: 5 | E76: 1.0011 | F76: 14.788801 | G76: 147.72552 | W76: =IF(NOT(ISNUMBER(G76)),"",IF(G76<Bands!$B$4,"Low",IF(G76<Bands!$B$5,"Medium",IF(G76<Bands!$B$6,"High","Very high")))) -> Low | AA76: =IF(W76="","",IFERROR(INDEX(Bands!$D$3:$D$6,MATCH(W76,Bands!$A$3:$A$6,0)),"")) -> Pale yellow to light golden, even colour, no brown spots | AB76: =IF(W76="","",IFERROR(INDEX(Bands!$J$3:$J$6,MATCH(W76,Bands!$A$3:$A$6,0)),"")) -> Not deep golden-brown or reddish-brown (those match higher values). Avoid black or burnt chips. | AE76: =IF(W76="","","Ch4a_"&TEXT(COUNT($G$2:G76),"000")&"_"&SUBSTITUTE(W76," ","-")&"_"&TEXT(G76,"0")&".jpg") -> Ch4a_065_Low_148.jpg
D77: 6 | E77: 1.0002 | F77: 35.059038 | G77: 350.52028 | W77: =IF(NOT(ISNUMBER(G77)),"",IF(G77<Bands!$B$4,"Low",IF(G77<Bands!$B$5,"Medium",IF(G77<Bands!$B$6,"High","Very high")))) -> Low | AA77: =IF(W77="","",IFERROR(INDEX(Bands!$D$3:$D$6,MATCH(W77,Bands!$A$3:$A$6,0)),"")) -> Pale yellow to light golden, even colour, no brown spots | AB77: =IF(W77="","",IFERROR(INDEX(Bands!$J$3:$J$6,MATCH(W77,Bands!$A$3:$A$6,0)),"")) -> Not deep golden-brown or reddish-brown (those match higher values). Avoid black or burnt chips. | AE77: =IF(W77="","","Ch4a_"&TEXT(COUNT($G$2:G77),"000")&"_"&SUBSTITUTE(W77," ","-")&"_"&TEXT(G77,"0")&".jpg") -> Ch4a_066_Low_351.jpg
B79: T=0 | C79: Taurus Mint essential oil treated | D79: 1 | E79: 1.0041 | F79: 72.626263 | G79: 723.29711 | W79: =IF(NOT(ISNUMBER(G79)),"",IF(G79<Bands!$B$4,"Low",IF(G79<Bands!$B$5,"Medium",IF(G79<Bands!$B$6,"High","Very high")))) -> Medium | AA79: =IF(W79="","",IFERROR(INDEX(Bands!$D$3:$D$6,MATCH(W79,Bands!$A$3:$A$6,0)),"")) -> Golden yellow with light brown at some edges or small spots | AB79: =IF(W79="","",IFERROR(INDEX(Bands!$J$3:$J$6,MATCH(W79,Bands!$A$3:$A$6,0)),"")) -> Not pale yellow (matches a low value) and not deep reddish-brown (matches a high value). Avoid black or burnt chips. | AE79: =IF(W79="","","Ch4a_"&TEXT(COUNT($G$2:G79),"000")&"_"&SUBSTITUTE(W79," ","-")&"_"&TEXT(G79,"0")&".jpg") -> Ch4a_067_Medium_723.jpg
D80: 2 | E80: 1.0082 | F80: 118.74182 | G80: 1177.7606 | W80: =IF(NOT(ISNUMBER(G80)),"",IF(G80<Bands!$B$4,"Low",IF(G80<Bands!$B$5,"Medium",IF(G80<Bands!$B$6,"High","Very high")))) -> High | AA80: =IF(W80="","",IFERROR(INDEX(Bands!$D$3:$D$6,MATCH(W80,Bands!$A$3:$A$6,0)),"")) -> Golden-brown with a reddish tint, brown edges, somewhat uneven | AB80: =IF(W80="","",IFERROR(INDEX(Bands!$J$3:$J$6,MATCH(W80,Bands!$A$3:$A$6,0)),"")) -> Not pale yellow, which would match a low value. Not black or burnt, since very dark chips can have lower acrylamide. | AE80: =IF(W80="","","Ch4a_"&TEXT(COUNT($G$2:G80),"000")&"_"&SUBSTITUTE(W80," ","-")&"_"&TEXT(G80,"0")&".jpg") -> Ch4a_068_High_1178.jpg
D81: 3 | E81: 1.0014 | F81: 178.33955 | G81: 1780.9023 | W81: =IF(NOT(ISNUMBER(G81)),"",IF(G81<Bands!$B$4,"Low",IF(G81<Bands!$B$5,"Medium",IF(G81<Bands!$B$6,"High","Very high")))) -> High | AA81: =IF(W81="","",IFERROR(INDEX(Bands!$D$3:$D$6,MATCH(W81,Bands!$A$3:$A$6,0)),"")) -> Golden-brown with a reddish tint, brown edges, somewhat uneven | AB81: =IF(W81="","",IFERROR(INDEX(Bands!$J$3:$J$6,MATCH(W81,Bands!$A$3:$A$6,0)),"")) -> Not pale yellow, which would match a low value. Not black or burnt, since very dark chips can have lower acrylamide. | AE81: =IF(W81="","","Ch4a_"&TEXT(COUNT($G$2:G81),"000")&"_"&SUBSTITUTE(W81," ","-")&"_"&TEXT(G81,"0")&".jpg") -> Ch4a_069_High_1781.jpg
D82: 4 | E82: 1.0012 | F82: 321.91286 | G82: 3215.2703 | W82: =IF(NOT(ISNUMBER(G82)),"",IF(G82<Bands!$B$4,"Low",IF(G82<Bands!$B$5,"Medium",IF(G82<Bands!$B$6,"High","Very high")))) -> Very high | AA82: =IF(W82="","",IFERROR(INDEX(Bands!$D$3:$D$6,MATCH(W82,Bands!$A$3:$A$6,0)),"")) -> Deep golden-brown to medium brown with a reddish tone; edges darkest, centre golden or light brown | AB82: =IF(W82="","",IFERROR(INDEX(Bands!$J$3:$J$6,MATCH(W82,Bands!$A$3:$A$6,0)),"")) -> Not pale yellow, which would match a low value, or black and burnt, since very dark chips can have lower acrylamide. | AE82: =IF(W82="","","Ch4a_"&TEXT(COUNT($G$2:G82),"000")&"_"&SUBSTITUTE(W82," ","-")&"_"&TEXT(G82,"0")&".jpg") -> Ch4a_070_Very-high_3215.jpg
D83: 5 | E83: 1.0012 | F83: 48.709288 | G83: 486.50907 | W83: =IF(NOT(ISNUMBER(G83)),"",IF(G83<Bands!$B$4,"Low",IF(G83<Bands!$B$5,"Medium",IF(G83<Bands!$B$6,"High","Very high")))) -> Low | AA83: =IF(W83="","",IFERROR(INDEX(Bands!$D$3:$D$6,MATCH(W83,Bands!$A$3:$A$6,0)),"")) -> Pale yellow to light golden, even colour, no brown spots | AB83: =IF(W83="","",IFERROR(INDEX(Bands!$J$3:$J$6,MATCH(W83,Bands!$A$3:$A$6,0)),"")) -> Not deep golden-brown or reddish-brown (those match higher values). Avoid black or burnt chips. | AE83: =IF(W83="","","Ch4a_"&TEXT(COUNT($G$2:G83),"000")&"_"&SUBSTITUTE(W83," ","-")&"_"&TEXT(G83,"0")&".jpg") -> Ch4a_071_Low_487.jpg
D84: 6 | E84: 1.008 | F84: 279.02788 | G84: 2768.1338 | W84: =IF(NOT(ISNUMBER(G84)),"",IF(G84<Bands!$B$4,"Low",IF(G84<Bands!$B$5,"Medium",IF(G84<Bands!$B$6,"High","Very high")))) -> Very high | AA84: =IF(W84="","",IFERROR(INDEX(Bands!$D$3:$D$6,MATCH(W84,Bands!$A$3:$A$6,0)),"")) -> Deep golden-brown to medium brown with a reddish tone; edges darkest, centre golden or light brown | AB84: =IF(W84="","",IFERROR(INDEX(Bands!$J$3:$J$6,MATCH(W84,Bands!$A$3:$A$6,0)),"")) -> Not pale yellow, which would match a low value, or black and burnt, since very dark chips can have lower acrylamide. | AE84: =IF(W84="","","Ch4a_"&TEXT(COUNT($G$2:G84),"000")&"_"&SUBSTITUTE(W84," ","-")&"_"&TEXT(G84,"0")&".jpg") -> Ch4a_072_Very-high_2768.jpg
B86: T=1 | C86: Taurus Mint essential oil treated | D86: 1 | E86: 1.0016 | F86: 38.670552 | G86: 386.08778 | W86: =IF(NOT(ISNUMBER(G86)),"",IF(G86<Bands!$B$4,"Low",IF(G86<Bands!$B$5,"Medium",IF(G86<Bands!$B$6,"High","Very high")))) -> Low | AA86: =IF(W86="","",IFERROR(INDEX(Bands!$D$3:$D$6,MATCH(W86,Bands!$A$3:$A$6,0)),"")) -> Pale yellow to light golden, even colour, no brown spots | AB86: =IF(W86="","",IFERROR(INDEX(Bands!$J$3:$J$6,MATCH(W86,Bands!$A$3:$A$6,0)),"")) -> Not deep golden-brown or reddish-brown (those match higher values). Avoid black or burnt chips. | AE86: =IF(W86="","","Ch4a_"&TEXT(COUNT($G$2:G86),"000")&"_"&SUBSTITUTE(W86," ","-")&"_"&TEXT(G86,"0")&".jpg") -> Ch4a_073_Low_386.jpg
D87: 2 | E87: 1.0003 | F87: 79.115614 | G87: 790.91887 | I87: 41.82 | J87: 4.48 | K87: 22.09 | W87: =IF(NOT(ISNUMBER(G87)),"",IF(G87<Bands!$B$4,"Low",IF(G87<Bands!$B$5,"Medium",IF(G87<Bands!$B$6,"High","Very high")))) -> Medium | Y87: =IF(NOT(ISNUMBER(J87)),"",IF(J87<Bands!$B$18,"Light",IF(J87<Bands!$B$19,"Medium","Dark"))) -> Medium | AA87: =IF(W87="","",IFERROR(INDEX(Bands!$D$3:$D$6,MATCH(W87,Bands!$A$3:$A$6,0)),"")) -> Golden yellow with light brown at some edges or small spots | AB87: =IF(W87="","",IFERROR(INDEX(Bands!$J$3:$J$6,MATCH(W87,Bands!$A$3:$A$6,0)),"")) -> Not pale yellow (matches a low value) and not deep reddish-brown (matches a high value). Avoid black or burnt chips. | AE87: =IF(W87="","","Ch4a_"&TEXT(COUNT($G$2:G87),"000")&"_"&SUBSTITUTE(W87," ","-")&"_"&TEXT(G87,"0")&".jpg") -> Ch4a_074_Medium_791.jpg
D88: 3 | E88: 1.0101 | F88: 38.715065 | G88: 383.27953 | W88: =IF(NOT(ISNUMBER(G88)),"",IF(G88<Bands!$B$4,"Low",IF(G88<Bands!$B$5,"Medium",IF(G88<Bands!$B$6,"High","Very high")))) -> Low | AA88: =IF(W88="","",IFERROR(INDEX(Bands!$D$3:$D$6,MATCH(W88,Bands!$A$3:$A$6,0)),"")) -> Pale yellow to light golden, even colour, no brown spots | AB88: =IF(W88="","",IFERROR(INDEX(Bands!$J$3:$J$6,MATCH(W88,Bands!$A$3:$A$6,0)),"")) -> Not deep golden-brown or reddish-brown (those match higher values). Avoid black or burnt chips. | AE88: =IF(W88="","","Ch4a_"&TEXT(COUNT($G$2:G88),"000")&"_"&SUBSTITUTE(W88," ","-")&"_"&TEXT(G88,"0")&".jpg") -> Ch4a_075_Low_383.jpg
D89: 4 | E89: 1.0062 | F89: 88.231514 | G89: 876.87849 | I89: 48.95 | J89: 4.17 | K89: 22.61 | W89: =IF(NOT(ISNUMBER(G89)),"",IF(G89<Bands!$B$4,"Low",IF(G89<Bands!$B$5,"Medium",IF(G89<Bands!$B$6,"High","Very high")))) -> Medium | Y89: =IF(NOT(ISNUMBER(J89)),"",IF(J89<Bands!$B$18,"Light",IF(J89<Bands!$B$19,"Medium","Dark"))) -> Medium | AA89: =IF(W89="","",IFERROR(INDEX(Bands!$D$3:$D$6,MATCH(W89,Bands!$A$3:$A$6,0)),"")) -> Golden yellow with light brown at some edges or small spots | AB89: =IF(W89="","",IFERROR(INDEX(Bands!$J$3:$J$6,MATCH(W89,Bands!$A$3:$A$6,0)),"")) -> Not pale yellow (matches a low value) and not deep reddish-brown (matches a high value). Avoid black or burnt chips. | AE89: =IF(W89="","","Ch4a_"&TEXT(COUNT($G$2:G89),"000")&"_"&SUBSTITUTE(W89," ","-")&"_"&TEXT(G89,"0")&".jpg") -> Ch4a_076_Medium_877.jpg
D90: 5 | E90: 1.0129 | F90: 60.352291 | G90: 595.83662 | I90: 39.05 | J90: 6.03 | K90: 23.29 | W90: =IF(NOT(ISNUMBER(G90)),"",IF(G90<Bands!$B$4,"Low",IF(G90<Bands!$B$5,"Medium",IF(G90<Bands!$B$6,"High","Very high")))) -> Medium | Y90: =IF(NOT(ISNUMBER(J90)),"",IF(J90<Bands!$B$18,"Light",IF(J90<Bands!$B$19,"Medium","Dark"))) -> Dark | AA90: =IF(W90="","",IFERROR(INDEX(Bands!$D$3:$D$6,MATCH(W90,Bands!$A$3:$A$6,0)),"")) -> Golden yellow with light brown at some edges or small spots | AB90: =IF(W90="","",IFERROR(INDEX(Bands!$J$3:$J$6,MATCH(W90,Bands!$A$3:$A$6,0)),"")) -> Not pale yellow (matches a low value) and not deep reddish-brown (matches a high value). Avoid black or burnt chips. | AE90: =IF(W90="","","Ch4a_"&TEXT(COUNT($G$2:G90),"000")&"_"&SUBSTITUTE(W90," ","-")&"_"&TEXT(G90,"0")&".jpg") -> Ch4a_077_Medium_596.jpg
D91: 6 | E91: 1.0105 | F91: 16.40197 | G91: 162.31539 | W91: =IF(NOT(ISNUMBER(G91)),"",IF(G91<Bands!$B$4,"Low",IF(G91<Bands!$B$5,"Medium",IF(G91<Bands!$B$6,"High","Very high")))) -> Low | AA91: =IF(W91="","",IFERROR(INDEX(Bands!$D$3:$D$6,MATCH(W91,Bands!$A$3:$A$6,0)),"")) -> Pale yellow to light golden, even colour, no brown spots | AB91: =IF(W91="","",IFERROR(INDEX(Bands!$J$3:$J$6,MATCH(W91,Bands!$A$3:$A$6,0)),"")) -> Not deep golden-brown or reddish-brown (those match higher values). Avoid black or burnt chips. | AE91: =IF(W91="","","Ch4a_"&TEXT(COUNT($G$2:G91),"000")&"_"&SUBSTITUTE(W91," ","-")&"_"&TEXT(G91,"0")&".jpg") -> Ch4a_078_Low_162.jpg
C93: Taurus Mint essential oil controls | D93: 1 | E93: 1.0042 | F93: 273.20542 | G93: 2720.6276 | W93: =IF(NOT(ISNUMBER(G93)),"",IF(G93<Bands!$B$4,"Low",IF(G93<Bands!$B$5,"Medium",IF(G93<Bands!$B$6,"High","Very high")))) -> Very high | AA93: =IF(W93="","",IFERROR(INDEX(Bands!$D$3:$D$6,MATCH(W93,Bands!$A$3:$A$6,0)),"")) -> Deep golden-brown to medium brown with a reddish tone; edges darkest, centre golden or light brown | AB93: =IF(W93="","",IFERROR(INDEX(Bands!$J$3:$J$6,MATCH(W93,Bands!$A$3:$A$6,0)),"")) -> Not pale yellow, which would match a low value, or black and burnt, since very dark chips can have lower acrylamide. | AE93: =IF(W93="","","Ch4a_"&TEXT(COUNT($G$2:G93),"000")&"_"&SUBSTITUTE(W93," ","-")&"_"&TEXT(G93,"0")&".jpg") -> Ch4a_079_Very-high_2721.jpg
D94: 2 | E94: 1.0059 | F94: 39.954911 | G94: 397.2056 | W94: =IF(NOT(ISNUMBER(G94)),"",IF(G94<Bands!$B$4,"Low",IF(G94<Bands!$B$5,"Medium",IF(G94<Bands!$B$6,"High","Very high")))) -> Low | AA94: =IF(W94="","",IFERROR(INDEX(Bands!$D$3:$D$6,MATCH(W94,Bands!$A$3:$A$6,0)),"")) -> Pale yellow to light golden, even colour, no brown spots | AB94: =IF(W94="","",IFERROR(INDEX(Bands!$J$3:$J$6,MATCH(W94,Bands!$A$3:$A$6,0)),"")) -> Not deep golden-brown or reddish-brown (those match higher values). Avoid black or burnt chips. | AE94: =IF(W94="","","Ch4a_"&TEXT(COUNT($G$2:G94),"000")&"_"&SUBSTITUTE(W94," ","-")&"_"&TEXT(G94,"0")&".jpg") -> Ch4a_080_Low_397.jpg
D95: 3 | E95: 1.007 | F95: 339.23423 | G95: 3368.761 | I95: 41.82 | J95: 8.78 | K95: 25.83 | W95: =IF(NOT(ISNUMBER(G95)),"",IF(G95<Bands!$B$4,"Low",IF(G95<Bands!$B$5,"Medium",IF(G95<Bands!$B$6,"High","Very high")))) -> Very high | Y95: =IF(NOT(ISNUMBER(J95)),"",IF(J95<Bands!$B$18,"Light",IF(J95<Bands!$B$19,"Medium","Dark"))) -> Dark | AA95: =IF(W95="","",IFERROR(INDEX(Bands!$D$3:$D$6,MATCH(W95,Bands!$A$3:$A$6,0)),"")) -> Deep golden-brown to medium brown with a reddish tone; edges darkest, centre golden or light brown | AB95: =IF(W95="","",IFERROR(INDEX(Bands!$J$3:$J$6,MATCH(W95,Bands!$A$3:$A$6,0)),"")) -> Not pale yellow, which would match a low value, or black and burnt, since very dark chips can have lower acrylamide. | AE95: =IF(W95="","","Ch4a_"&TEXT(COUNT($G$2:G95),"000")&"_"&SUBSTITUTE(W95," ","-")&"_"&TEXT(G95,"0")&".jpg") -> Ch4a_081_Very-high_3369.jpg
D96: 4 | E96: 1.0047 | F96: 141.89395 | G96: 1412.3017 | I96: 41.81 | J96: 5.82 | K96: 23.55 | W96: =IF(NOT(ISNUMBER(G96)),"",IF(G96<Bands!$B$4,"Low",IF(G96<Bands!$B$5,"Medium",IF(G96<Bands!$B$6,"High","Very high")))) -> High | Y96: =IF(NOT(ISNUMBER(J96)),"",IF(J96<Bands!$B$18,"Light",IF(J96<Bands!$B$19,"Medium","Dark"))) -> Dark | AA96: =IF(W96="","",IFERROR(INDEX(Bands!$D$3:$D$6,MATCH(W96,Bands!$A$3:$A$6,0)),"")) -> Golden-brown with a reddish tint, brown edges, somewhat uneven | AB96: =IF(W96="","",IFERROR(INDEX(Bands!$J$3:$J$6,MATCH(W96,Bands!$A$3:$A$6,0)),"")) -> Not pale yellow, which would match a low value. Not black or burnt, since very dark chips can have lower acrylamide. | AE96: =IF(W96="","","Ch4a_"&TEXT(COUNT($G$2:G96),"000")&"_"&SUBSTITUTE(W96," ","-")&"_"&TEXT(G96,"0")&".jpg") -> Ch4a_082_High_1412.jpg
D97: 5 | E97: 1.0028 | F97: 80.885643 | G97: 806.59795 | W97: =IF(NOT(ISNUMBER(G97)),"",IF(G97<Bands!$B$4,"Low",IF(G97<Bands!$B$5,"Medium",IF(G97<Bands!$B$6,"High","Very high")))) -> Medium | AA97: =IF(W97="","",IFERROR(INDEX(Bands!$D$3:$D$6,MATCH(W97,Bands!$A$3:$A$6,0)),"")) -> Golden yellow with light brown at some edges or small spots | AB97: =IF(W97="","",IFERROR(INDEX(Bands!$J$3:$J$6,MATCH(W97,Bands!$A$3:$A$6,0)),"")) -> Not pale yellow (matches a low value) and not deep reddish-brown (matches a high value). Avoid black or burnt chips. | AE97: =IF(W97="","","Ch4a_"&TEXT(COUNT($G$2:G97),"000")&"_"&SUBSTITUTE(W97," ","-")&"_"&TEXT(G97,"0")&".jpg") -> Ch4a_083_Medium_807.jpg
D98: 6 | E98: 1.0033 | F98: 303.10053 | G98: 3021.0359 | I98: 40.39 | J98: 7.58 | K98: 24.52 | W98: =IF(NOT(ISNUMBER(G98)),"",IF(G98<Bands!$B$4,"Low",IF(G98<Bands!$B$5,"Medium",IF(G98<Bands!$B$6,"High","Very high")))) -> Very high | Y98: =IF(NOT(ISNUMBER(J98)),"",IF(J98<Bands!$B$18,"Light",IF(J98<Bands!$B$19,"Medium","Dark"))) -> Dark | AA98: =IF(W98="","",IFERROR(INDEX(Bands!$D$3:$D$6,MATCH(W98,Bands!$A$3:$A$6,0)),"")) -> Deep golden-brown to medium brown with a reddish tone; edges darkest, centre golden or light brown | AB98: =IF(W98="","",IFERROR(INDEX(Bands!$J$3:$J$6,MATCH(W98,Bands!$A$3:$A$6,0)),"")) -> Not pale yellow, which would match a low value, or black and burnt, since very dark chips can have lower acrylamide. | AE98: =IF(W98="","","Ch4a_"&TEXT(COUNT($G$2:G98),"000")&"_"&SUBSTITUTE(W98," ","-")&"_"&TEXT(G98,"0")&".jpg") -> Ch4a_084_Very-high_3021.jpg
B100: T=7 | C100: Taurus Mint essential oil treated | D100: 1 | E100: 1.002 | F100: 125.68142 | G100: 1254.3056 | W100: =IF(NOT(ISNUMBER(G100)),"",IF(G100<Bands!$B$4,"Low",IF(G100<Bands!$B$5,"Medium",IF(G100<Bands!$B$6,"High","Very high")))) -> High | AA100: =IF(W100="","",IFERROR(INDEX(Bands!$D$3:$D$6,MATCH(W100,Bands!$A$3:$A$6,0)),"")) -> Golden-brown with a reddish tint, brown edges, somewhat uneven | AB100: =IF(W100="","",IFERROR(INDEX(Bands!$J$3:$J$6,MATCH(W100,Bands!$A$3:$A$6,0)),"")) -> Not pale yellow, which would match a low value. Not black or burnt, since very dark chips can have lower acrylamide. | AE100: =IF(W100="","","Ch4a_"&TEXT(COUNT($G$2:G100),"000")&"_"&SUBSTITUTE(W100," ","-")&"_"&TEXT(G100,"0")&".jpg") -> Ch4a_085_High_1254.jpg
D101: 2 | E101: 1.0072 | F101: 205.41532 | G101: 2039.469 | W101: =IF(NOT(ISNUMBER(G101)),"",IF(G101<Bands!$B$4,"Low",IF(G101<Bands!$B$5,"Medium",IF(G101<Bands!$B$6,"High","Very high")))) -> Very high | AA101: =IF(W101="","",IFERROR(INDEX(Bands!$D$3:$D$6,MATCH(W101,Bands!$A$3:$A$6,0)),"")) -> Deep golden-brown to medium brown with a reddish tone; edges darkest, centre golden or light brown | AB101: =IF(W101="","",IFERROR(INDEX(Bands!$J$3:$J$6,MATCH(W101,Bands!$A$3:$A$6,0)),"")) -> Not pale yellow, which would match a low value, or black and burnt, since very dark chips can have lower acrylamide. | AE101: =IF(W101="","","Ch4a_"&TEXT(COUNT($G$2:G101),"000")&"_"&SUBSTITUTE(W101," ","-")&"_"&TEXT(G101,"0")&".jpg") -> Ch4a_086_Very-high_2039.jpg
D102: 3 | E102: 1.0044 | F102: 166.04391 | G102: 1653.1652 | W102: =IF(NOT(ISNUMBER(G102)),"",IF(G102<Bands!$B$4,"Low",IF(G102<Bands!$B$5,"Medium",IF(G102<Bands!$B$6,"High","Very high")))) -> High | AA102: =IF(W102="","",IFERROR(INDEX(Bands!$D$3:$D$6,MATCH(W102,Bands!$A$3:$A$6,0)),"")) -> Golden-brown with a reddish tint, brown edges, somewhat uneven | AB102: =IF(W102="","",IFERROR(INDEX(Bands!$J$3:$J$6,MATCH(W102,Bands!$A$3:$A$6,0)),"")) -> Not pale yellow, which would match a low value. Not black or burnt, since very dark chips can have lower acrylamide. | AE102: =IF(W102="","","Ch4a_"&TEXT(COUNT($G$2:G102),"000")&"_"&SUBSTITUTE(W102," ","-")&"_"&TEXT(G102,"0")&".jpg") -> Ch4a_087_High_1653.jpg
D103: 4 | E103: 1.0041 | F103: 458.54452 | G103: 4566.7216 | W103: =IF(NOT(ISNUMBER(G103)),"",IF(G103<Bands!$B$4,"Low",IF(G103<Bands!$B$5,"Medium",IF(G103<Bands!$B$6,"High","Very high")))) -> Very high | AA103: =IF(W103="","",IFERROR(INDEX(Bands!$D$3:$D$6,MATCH(W103,Bands!$A$3:$A$6,0)),"")) -> Deep golden-brown to medium brown with a reddish tone; edges darkest, centre golden or light brown | AB103: =IF(W103="","",IFERROR(INDEX(Bands!$J$3:$J$6,MATCH(W103,Bands!$A$3:$A$6,0)),"")) -> Not pale yellow, which would match a low value, or black and burnt, since very dark chips can have lower acrylamide. | AE103: =IF(W103="","","Ch4a_"&TEXT(COUNT($G$2:G103),"000")&"_"&SUBSTITUTE(W103," ","-")&"_"&TEXT(G103,"0")&".jpg") -> Ch4a_088_Very-high_4567.jpg
D104: 5 | E104: 1.0069 | F104: 84.047139 | G104: 834.71188 | W104: =IF(NOT(ISNUMBER(G104)),"",IF(G104<Bands!$B$4,"Low",IF(G104<Bands!$B$5,"Medium",IF(G104<Bands!$B$6,"High","Very high")))) -> Medium | AA104: =IF(W104="","",IFERROR(INDEX(Bands!$D$3:$D$6,MATCH(W104,Bands!$A$3:$A$6,0)),"")) -> Golden yellow with light brown at some edges or small spots | AB104: =IF(W104="","",IFERROR(INDEX(Bands!$J$3:$J$6,MATCH(W104,Bands!$A$3:$A$6,0)),"")) -> Not pale yellow (matches a low value) and not deep reddish-brown (matches a high value). Avoid black or burnt chips. | AE104: =IF(W104="","","Ch4a_"&TEXT(COUNT($G$2:G104),"000")&"_"&SUBSTITUTE(W104," ","-")&"_"&TEXT(G104,"0")&".jpg") -> Ch4a_089_Medium_835.jpg
D105: 6 | E105: 1.004 | F105: 292.07286 | G105: 2909.0922 | W105: =IF(NOT(ISNUMBER(G105)),"",IF(G105<Bands!$B$4,"Low",IF(G105<Bands!$B$5,"Medium",IF(G105<Bands!$B$6,"High","Very high")))) -> Very high | AA105: =IF(W105="","",IFERROR(INDEX(Bands!$D$3:$D$6,MATCH(W105,Bands!$A$3:$A$6,0)),"")) -> Deep golden-brown to medium brown with a reddish tone; edges darkest, centre golden or light brown | AB105: =IF(W105="","",IFERROR(INDEX(Bands!$J$3:$J$6,MATCH(W105,Bands!$A$3:$A$6,0)),"")) -> Not pale yellow, which would match a low value, or black and burnt, since very dark chips can have lower acrylamide. | AE105: =IF(W105="","","Ch4a_"&TEXT(COUNT($G$2:G105),"000")&"_"&SUBSTITUTE(W105," ","-")&"_"&TEXT(G105,"0")&".jpg") -> Ch4a_090_Very-high_2909.jpg
C107: Taurus Mint essential oil controls | D107: 1 | E107: 1.0039 | F107: 540.70435 | G107: 5386.038 | W107: =IF(NOT(ISNUMBER(G107)),"",IF(G107<Bands!$B$4,"Low",IF(G107<Bands!$B$5,"Medium",IF(G107<Bands!$B$6,"High","Very high")))) -> Very high | AA107: =IF(W107="","",IFERROR(INDEX(Bands!$D$3:$D$6,MATCH(W107,Bands!$A$3:$A$6,0)),"")) -> Deep golden-brown to medium brown with a reddish tone; edges darkest, centre golden or light brown | AB107: =IF(W107="","",IFERROR(INDEX(Bands!$J$3:$J$6,MATCH(W107,Bands!$A$3:$A$6,0)),"")) -> Not pale yellow, which would match a low value, or black and burnt, since very dark chips can have lower acrylamide. | AE107: =IF(W107="","","Ch4a_"&TEXT(COUNT($G$2:G107),"000")&"_"&SUBSTITUTE(W107," ","-")&"_"&TEXT(G107,"0")&".jpg") -> Ch4a_091_Very-high_5386.jpg
D108: 2 | E108: 1.0063 | F108: 199.72442 | G108: 1984.7403 | W108: =IF(NOT(ISNUMBER(G108)),"",IF(G108<Bands!$B$4,"Low",IF(G108<Bands!$B$5,"Medium",IF(G108<Bands!$B$6,"High","Very high")))) -> High | AA108: =IF(W108="","",IFERROR(INDEX(Bands!$D$3:$D$6,MATCH(W108,Bands!$A$3:$A$6,0)),"")) -> Golden-brown with a reddish tint, brown edges, somewhat uneven | AB108: =IF(W108="","",IFERROR(INDEX(Bands!$J$3:$J$6,MATCH(W108,Bands!$A$3:$A$6,0)),"")) -> Not pale yellow, which would match a low value. Not black or burnt, since very dark chips can have lower acrylamide. | AE108: =IF(W108="","","Ch4a_"&TEXT(COUNT($G$2:G108),"000")&"_"&SUBSTITUTE(W108," ","-")&"_"&TEXT(G108,"0")&".jpg") -> Ch4a_092_High_1985.jpg
D109: 3 | E109: 1.0006 | F109: 28.282466 | G109: 282.65506 | W109: =IF(NOT(ISNUMBER(G109)),"",IF(G109<Bands!$B$4,"Low",IF(G109<Bands!$B$5,"Medium",IF(G109<Bands!$B$6,"High","Very high")))) -> Low | AA109: =IF(W109="","",IFERROR(INDEX(Bands!$D$3:$D$6,MATCH(W109,Bands!$A$3:$A$6,0)),"")) -> Pale yellow to light golden, even colour, no brown spots | AB109: =IF(W109="","",IFERROR(INDEX(Bands!$J$3:$J$6,MATCH(W109,Bands!$A$3:$A$6,0)),"")) -> Not deep golden-brown or reddish-brown (those match higher values). Avoid black or burnt chips. | AE109: =IF(W109="","","Ch4a_"&TEXT(COUNT($G$2:G109),"000")&"_"&SUBSTITUTE(W109," ","-")&"_"&TEXT(G109,"0")&".jpg") -> Ch4a_093_Low_283.jpg
D110: 4 | E110: 1.0032 | F110: 331.71826 | G110: 3306.6015 | W110: =IF(NOT(ISNUMBER(G110)),"",IF(G110<Bands!$B$4,"Low",IF(G110<Bands!$B$5,"Medium",IF(G110<Bands!$B$6,"High","Very high")))) -> Very high | AA110: =IF(W110="","",IFERROR(INDEX(Bands!$D$3:$D$6,MATCH(W110,Bands!$A$3:$A$6,0)),"")) -> Deep golden-brown to medium brown with a reddish tone; edges darkest, centre golden or light brown | AB110: =IF(W110="","",IFERROR(INDEX(Bands!$J$3:$J$6,MATCH(W110,Bands!$A$3:$A$6,0)),"")) -> Not pale yellow, which would match a low value, or black and burnt, since very dark chips can have lower acrylamide. | AE110: =IF(W110="","","Ch4a_"&TEXT(COUNT($G$2:G110),"000")&"_"&SUBSTITUTE(W110," ","-")&"_"&TEXT(G110,"0")&".jpg") -> Ch4a_094_Very-high_3307.jpg
D111: 5 | E111: 1.0072 | F111: 71.994131 | G111: 714.79479 | W111: =IF(NOT(ISNUMBER(G111)),"",IF(G111<Bands!$B$4,"Low",IF(G111<Bands!$B$5,"Medium",IF(G111<Bands!$B$6,"High","Very high")))) -> Medium | AA111: =IF(W111="","",IFERROR(INDEX(Bands!$D$3:$D$6,MATCH(W111,Bands!$A$3:$A$6,0)),"")) -> Golden yellow with light brown at some edges or small spots | AB111: =IF(W111="","",IFERROR(INDEX(Bands!$J$3:$J$6,MATCH(W111,Bands!$A$3:$A$6,0)),"")) -> Not pale yellow (matches a low value) and not deep reddish-brown (matches a high value). Avoid black or burnt chips. | AE111: =IF(W111="","","Ch4a_"&TEXT(COUNT($G$2:G111),"000")&"_"&SUBSTITUTE(W111," ","-")&"_"&TEXT(G111,"0")&".jpg") -> Ch4a_095_Medium_715.jpg
D112: 6 | E112: 1.0034 | F112: 32.200807 | G112: 320.91695 | W112: =IF(NOT(ISNUMBER(G112)),"",IF(G112<Bands!$B$4,"Low",IF(G112<Bands!$B$5,"Medium",IF(G112<Bands!$B$6,"High","Very high")))) -> Low | AA112: =IF(W112="","",IFERROR(INDEX(Bands!$D$3:$D$6,MATCH(W112,Bands!$A$3:$A$6,0)),"")) -> Pale yellow to light golden, even colour, no brown spots | AB112: =IF(W112="","",IFERROR(INDEX(Bands!$J$3:$J$6,MATCH(W112,Bands!$A$3:$A$6,0)),"")) -> Not deep golden-brown or reddish-brown (those match higher values). Avoid black or burnt chips. | AE112: =IF(W112="","","Ch4a_"&TEXT(COUNT($G$2:G112),"000")&"_"&SUBSTITUTE(W112," ","-")&"_"&TEXT(G112,"0")&".jpg") -> Ch4a_096_Low_321.jpg
B114: T=14 | C114: Taurus Mint essential oil treated | D114: 1 | E114: 1.0046 | F114: 157.56819 | G114: 1568.4669 | I114: 41.7 | J114: 5.48 | K114: 21.73 | W114: =IF(NOT(ISNUMBER(G114)),"",IF(G114<Bands!$B$4,"Low",IF(G114<Bands!$B$5,"Medium",IF(G114<Bands!$B$6,"High","Very high")))) -> High | Y114: =IF(NOT(ISNUMBER(J114)),"",IF(J114<Bands!$B$18,"Light",IF(J114<Bands!$B$19,"Medium","Dark"))) -> Dark | AA114: =IF(W114="","",IFERROR(INDEX(Bands!$D$3:$D$6,MATCH(W114,Bands!$A$3:$A$6,0)),"")) -> Golden-brown with a reddish tint, brown edges, somewhat uneven | AB114: =IF(W114="","",IFERROR(INDEX(Bands!$J$3:$J$6,MATCH(W114,Bands!$A$3:$A$6,0)),"")) -> Not pale yellow, which would match a low value. Not black or burnt, since very dark chips can have lower acrylamide. | AE114: =IF(W114="","","Ch4a_"&TEXT(COUNT($G$2:G114),"000")&"_"&SUBSTITUTE(W114," ","-")&"_"&TEXT(G114,"0")&".jpg") -> Ch4a_097_High_1568.jpg
D115: 2 | E115: 1.0065 | F115: 90.119494 | G115: 895.375 | I115: 28.75 | J115: 4.7 | K115: 16.92 | W115: =IF(NOT(ISNUMBER(G115)),"",IF(G115<Bands!$B$4,"Low",IF(G115<Bands!$B$5,"Medium",IF(G115<Bands!$B$6,"High","Very high")))) -> Medium | Y115: =IF(NOT(ISNUMBER(J115)),"",IF(J115<Bands!$B$18,"Light",IF(J115<Bands!$B$19,"Medium","Dark"))) -> Medium | AA115: =IF(W115="","",IFERROR(INDEX(Bands!$D$3:$D$6,MATCH(W115,Bands!$A$3:$A$6,0)),"")) -> Golden yellow with light brown at some edges or small spots | AB115: =IF(W115="","",IFERROR(INDEX(Bands!$J$3:$J$6,MATCH(W115,Bands!$A$3:$A$6,0)),"")) -> Not pale yellow (matches a low value) and not deep reddish-brown (matches a high value). Avoid black or burnt chips. | AE115: =IF(W115="","","Ch4a_"&TEXT(COUNT($G$2:G115),"000")&"_"&SUBSTITUTE(W115," ","-")&"_"&TEXT(G115,"0")&".jpg") -> Ch4a_098_Medium_895.jpg
D116: 3 | E116: 1.0049 | F116: 60.93607 | G116: 606.38939 | W116: =IF(NOT(ISNUMBER(G116)),"",IF(G116<Bands!$B$4,"Low",IF(G116<Bands!$B$5,"Medium",IF(G116<Bands!$B$6,"High","Very high")))) -> Medium | AA116: =IF(W116="","",IFERROR(INDEX(Bands!$D$3:$D$6,MATCH(W116,Bands!$A$3:$A$6,0)),"")) -> Golden yellow with light brown at some edges or small spots | AB116: =IF(W116="","",IFERROR(INDEX(Bands!$J$3:$J$6,MATCH(W116,Bands!$A$3:$A$6,0)),"")) -> Not pale yellow (matches a low value) and not deep reddish-brown (matches a high value). Avoid black or burnt chips. | AE116: =IF(W116="","","Ch4a_"&TEXT(COUNT($G$2:G116),"000")&"_"&SUBSTITUTE(W116," ","-")&"_"&TEXT(G116,"0")&".jpg") -> Ch4a_099_Medium_606.jpg
...

Sheet Chapter 5
A1: Experiment | B1: Condition | C1: Sample | D1: Mass (g) | E1: Acrylamide in vial (ppb) | F1: Acrylamide in sample (µg/kg) | G1: Acrylamide band | H1: Expected chip colour | I1: Not like this | J1: Image file name
A2: Pilot plant 1st additives trial | B2: Controls | C2: 1 | D2: 1.0518 | E2: 297.9493 | F2: 2832.7563 | G2: =IF(NOT(ISNUMBER(F2)),"",IF(F2<Bands!$B$4,"Low",IF(F2<Bands!$B$5,"Medium",IF(F2<Bands!$B$6,"High","Very high")))) -> Very high | H2: =IF(G2="","",IFERROR(INDEX(Bands!$D$3:$D$6,MATCH(G2,Bands!$A$3:$A$6,0)),"")) -> Deep golden-brown to medium brown with a reddish tone; edges darkest, centre golden or light brown | I2: =IF(G2="","",IFERROR(INDEX(Bands!$J$3:$J$6,MATCH(G2,Bands!$A$3:$A$6,0)),"")) -> Not pale yellow, which would match a low value, or black and burnt, since very dark chips can have lower acrylamide. | J2: =IF(G2="","","Ch5_"&TEXT(COUNT($F$2:F2),"000")&"_"&SUBSTITUTE(G2," ","-")&"_"&TEXT(F2,"0")&".jpg") -> Ch5_001_Very-high_2833.jpg
C3: 2 | D3: 0.9647 | E3: 118.60389 | F3: 1229.4381 | G3: =IF(NOT(ISNUMBER(F3)),"",IF(F3<Bands!$B$4,"Low",IF(F3<Bands!$B$5,"Medium",IF(F3<Bands!$B$6,"High","Very high")))) -> High | H3: =IF(G3="","",IFERROR(INDEX(Bands!$D$3:$D$6,MATCH(G3,Bands!$A$3:$A$6,0)),"")) -> Golden-brown with a reddish tint, brown edges, somewhat uneven | I3: =IF(G3="","",IFERROR(INDEX(Bands!$J$3:$J$6,MATCH(G3,Bands!$A$3:$A$6,0)),"")) -> Not pale yellow, which would match a low value. Not black or burnt, since very dark chips can have lower acrylamide. | J3: =IF(G3="","","Ch5_"&TEXT(COUNT($F$2:F3),"000")&"_"&SUBSTITUTE(G3," ","-")&"_"&TEXT(F3,"0")&".jpg") -> Ch5_002_High_1229.jpg
C4: 3 | D4: 1.0204 | E4: 153.07814 | F4: 1500.1778 | G4: =IF(NOT(ISNUMBER(F4)),"",IF(F4<Bands!$B$4,"Low",IF(F4<Bands!$B$5,"Medium",IF(F4<Bands!$B$6,"High","Very high")))) -> High | H4: =IF(G4="","",IFERROR(INDEX(Bands!$D$3:$D$6,MATCH(G4,Bands!$A$3:$A$6,0)),"")) -> Golden-brown with a reddish tint, brown edges, somewhat uneven | I4: =IF(G4="","",IFERROR(INDEX(Bands!$J$3:$J$6,MATCH(G4,Bands!$A$3:$A$6,0)),"")) -> Not pale yellow, which would match a low value. Not black or burnt, since very dark chips can have lower acrylamide. | J4: =IF(G4="","","Ch5_"&TEXT(COUNT($F$2:F4),"000")&"_"&SUBSTITUTE(G4," ","-")&"_"&TEXT(F4,"0")&".jpg") -> Ch5_003_High_1500.jpg
C5: 4 | D5: 0.9577 | E5: 286.83586 | F5: 2995.0492 | G5: =IF(NOT(ISNUMBER(F5)),"",IF(F5<Bands!$B$4,"Low",IF(F5<Bands!$B$5,"Medium",IF(F5<Bands!$B$6,"High","Very high")))) -> Very high | H5: =IF(G5="","",IFERROR(INDEX(Bands!$D$3:$D$6,MATCH(G5,Bands!$A$3:$A$6,0)),"")) -> Deep golden-brown to medium brown with a reddish tone; edges darkest, centre golden or light brown | I5: =IF(G5="","",IFERROR(INDEX(Bands!$J$3:$J$6,MATCH(G5,Bands!$A$3:$A$6,0)),"")) -> Not pale yellow, which would match a low value, or black and burnt, since very dark chips can have lower acrylamide. | J5: =IF(G5="","","Ch5_"&TEXT(COUNT($F$2:F5),"000")&"_"&SUBSTITUTE(G5," ","-")&"_"&TEXT(F5,"0")&".jpg") -> Ch5_004_Very-high_2995.jpg
C6: 5 | D6: 1.0187 | E6: 227.38926 | F6: 2232.1514 | G6: =IF(NOT(ISNUMBER(F6)),"",IF(F6<Bands!$B$4,"Low",IF(F6<Bands!$B$5,"Medium",IF(F6<Bands!$B$6,"High","Very high")))) -> Very high | H6: =IF(G6="","",IFERROR(INDEX(Bands!$D$3:$D$6,MATCH(G6,Bands!$A$3:$A$6,0)),"")) -> Deep golden-brown to medium brown with a reddish tone; edges darkest, centre golden or light brown | I6: =IF(G6="","",IFERROR(INDEX(Bands!$J$3:$J$6,MATCH(G6,Bands!$A$3:$A$6,0)),"")) -> Not pale yellow, which would match a low value, or black and burnt, since very dark chips can have lower acrylamide. | J6: =IF(G6="","","Ch5_"&TEXT(COUNT($F$2:F6),"000")&"_"&SUBSTITUTE(G6," ","-")&"_"&TEXT(F6,"0")&".jpg") -> Ch5_005_Very-high_2232.jpg
C7: 6 | D7: 0.9837 | E7: 247.66325 | F7: 2517.6705 | G7: =IF(NOT(ISNUMBER(F7)),"",IF(F7<Bands!$B$4,"Low",IF(F7<Bands!$B$5,"Medium",IF(F7<Bands!$B$6,"High","Very high")))) -> Very high | H7: =IF(G7="","",IFERROR(INDEX(Bands!$D$3:$D$6,MATCH(G7,Bands!$A$3:$A$6,0)),"")) -> Deep golden-brown to medium brown with a reddish tone; edges darkest, centre golden or light brown | I7: =IF(G7="","",IFERROR(INDEX(Bands!$J$3:$J$6,MATCH(G7,Bands!$A$3:$A$6,0)),"")) -> Not pale yellow, which would match a low value, or black and burnt, since very dark chips can have lower acrylamide. | J7: =IF(G7="","","Ch5_"&TEXT(COUNT($F$2:F7),"000")&"_"&SUBSTITUTE(G7," ","-")&"_"&TEXT(F7,"0")&".jpg") -> Ch5_006_Very-high_2518.jpg
C8: 7 | D8: 0.9859 | E8: 219.80268 | F8: 2229.4622 | G8: =IF(NOT(ISNUMBER(F8)),"",IF(F8<Bands!$B$4,"Low",IF(F8<Bands!$B$5,"Medium",IF(F8<Bands!$B$6,"High","Very high")))) -> Very high | H8: =IF(G8="","",IFERROR(INDEX(Bands!$D$3:$D$6,MATCH(G8,Bands!$A$3:$A$6,0)),"")) -> Deep golden-brown to medium brown with a reddish tone; edges darkest, centre golden or light brown | I8: =IF(G8="","",IFERROR(INDEX(Bands!$J$3:$J$6,MATCH(G8,Bands!$A$3:$A$6,0)),"")) -> Not pale yellow, which would match a low value, or black and burnt, since very dark chips can have lower acrylamide. | J8: =IF(G8="","","Ch5_"&TEXT(COUNT($F$2:F8),"000")&"_"&SUBSTITUTE(G8," ","-")&"_"&TEXT(F8,"0")&".jpg") -> Ch5_007_Very-high_2229.jpg
C9: 8 | D9: 1.0504 | E9: 204.961 | F9: 1951.2662 | G9: =IF(NOT(ISNUMBER(F9)),"",IF(F9<Bands!$B$4,"Low",IF(F9<Bands!$B$5,"Medium",IF(F9<Bands!$B$6,"High","Very high")))) -> High | H9: =IF(G9="","",IFERROR(INDEX(Bands!$D$3:$D$6,MATCH(G9,Bands!$A$3:$A$6,0)),"")) -> Golden-brown with a reddish tint, brown edges, somewhat uneven | I9: =IF(G9="","",IFERROR(INDEX(Bands!$J$3:$J$6,MATCH(G9,Bands!$A$3:$A$6,0)),"")) -> Not pale yellow, which would match a low value. Not black or burnt, since very dark chips can have lower acrylamide. | J9: =IF(G9="","","Ch5_"&TEXT(COUNT($F$2:F9),"000")&"_"&SUBSTITUTE(G9," ","-")&"_"&TEXT(F9,"0")&".jpg") -> Ch5_008_High_1951.jpg
C10: 9 | D10: 1.014 | E10: 234.29208 | F10: 2310.5728 | G10: =IF(NOT(ISNUMBER(F10)),"",IF(F10<Bands!$B$4,"Low",IF(F10<Bands!$B$5,"Medium",IF(F10<Bands!$B$6,"High","Very high")))) -> Very high | H10: =IF(G10="","",IFERROR(INDEX(Bands!$D$3:$D$6,MATCH(G10,Bands!$A$3:$A$6,0)),"")) -> Deep golden-brown to medium brown with a reddish tone; edges darkest, centre golden or light brown | I10: =IF(G10="","",IFERROR(INDEX(Bands!$J$3:$J$6,MATCH(G10,Bands!$A$3:$A$6,0)),"")) -> Not pale yellow, which would match a low value, or black and burnt, since very dark chips can have lower acrylamide. | J10: =IF(G10="","","Ch5_"&TEXT(COUNT($F$2:F10),"000")&"_"&SUBSTITUTE(G10," ","-")&"_"&TEXT(F10,"0")&".jpg") -> Ch5_009_Very-high_2311.jpg
B12: CaCl2 0.01 M + citric acid 0.05 M | C12: 1 | D12: 1.0389 | E12: 147.94861 | F12: 1424.0891 | G12: =IF(NOT(ISNUMBER(F12)),"",IF(F12<Bands!$B$4,"Low",IF(F12<Bands!$B$5,"Medium",IF(F12<Bands!$B$6,"High","Very high")))) -> High | H12: =IF(G12="","",IFERROR(INDEX(Bands!$D$3:$D$6,MATCH(G12,Bands!$A$3:$A$6,0)),"")) -> Golden-brown with a reddish tint, brown edges, somewhat uneven | I12: =IF(G12="","",IFERROR(INDEX(Bands!$J$3:$J$6,MATCH(G12,Bands!$A$3:$A$6,0)),"")) -> Not pale yellow, which would match a low value. Not black or burnt, since very dark chips can have lower acrylamide. | J12: =IF(G12="","","Ch5_"&TEXT(COUNT($F$2:F12),"000")&"_"&SUBSTITUTE(G12," ","-")&"_"&TEXT(F12,"0")&".jpg") -> Ch5_010_High_1424.jpg
C13: 2 | D13: 1.0202 | E13: 111.89888 | F13: 1096.8328 | G13: =IF(NOT(ISNUMBER(F13)),"",IF(F13<Bands!$B$4,"Low",IF(F13<Bands!$B$5,"Medium",IF(F13<Bands!$B$6,"High","Very high")))) -> High | H13: =IF(G13="","",IFERROR(INDEX(Bands!$D$3:$D$6,MATCH(G13,Bands!$A$3:$A$6,0)),"")) -> Golden-brown with a reddish tint, brown edges, somewhat uneven | I13: =IF(G13="","",IFERROR(INDEX(Bands!$J$3:$J$6,MATCH(G13,Bands!$A$3:$A$6,0)),"")) -> Not pale yellow, which would match a low value. Not black or burnt, since very dark chips can have lower acrylamide. | J13: =IF(G13="","","Ch5_"&TEXT(COUNT($F$2:F13),"000")&"_"&SUBSTITUTE(G13," ","-")&"_"&TEXT(F13,"0")&".jpg") -> Ch5_011_High_1097.jpg
C14: 3 | D14: 0.9585 | E14: 152.42969 | F14: 1590.2941 | G14: =IF(NOT(ISNUMBER(F14)),"",IF(F14<Bands!$B$4,"Low",IF(F14<Bands!$B$5,"Medium",IF(F14<Bands!$B$6,"High","Very high")))) -> High | H14: =IF(G14="","",IFERROR(INDEX(Bands!$D$3:$D$6,MATCH(G14,Bands!$A$3:$A$6,0)),"")) -> Golden-brown with a reddish tint, brown edges, somewhat uneven | I14: =IF(G14="","",IFERROR(INDEX(Bands!$J$3:$J$6,MATCH(G14,Bands!$A$3:$A$6,0)),"")) -> Not pale yellow, which would match a low value. Not black or burnt, since very dark chips can have lower acrylamide. | J14: =IF(G14="","","Ch5_"&TEXT(COUNT($F$2:F14),"000")&"_"&SUBSTITUTE(G14," ","-")&"_"&TEXT(F14,"0")&".jpg") -> Ch5_012_High_1590.jpg
C15: 4 | D15: 0.9746 | E15: 147.30217 | F15: 1511.4115 | G15: =IF(NOT(ISNUMBER(F15)),"",IF(F15<Bands!$B$4,"Low",IF(F15<Bands!$B$5,"Medium",IF(F15<Bands!$B$6,"High","Very high")))) -> High | H15: =IF(G15="","",IFERROR(INDEX(Bands!$D$3:$D$6,MATCH(G15,Bands!$A$3:$A$6,0)),"")) -> Golden-brown with a reddish tint, brown edges, somewhat uneven | I15: =IF(G15="","",IFERROR(INDEX(Bands!$J$3:$J$6,MATCH(G15,Bands!$A$3:$A$6,0)),"")) -> Not pale yellow, which would match a low value. Not black or burnt, since very dark chips can have lower acrylamide. | J15: =IF(G15="","","Ch5_"&TEXT(COUNT($F$2:F15),"000")&"_"&SUBSTITUTE(G15," ","-")&"_"&TEXT(F15,"0")&".jpg") -> Ch5_013_High_1511.jpg
C16: 5 | D16: 1.0185 | E16: 175.91098 | F16: 1727.1574 | G16: =IF(NOT(ISNUMBER(F16)),"",IF(F16<Bands!$B$4,"Low",IF(F16<Bands!$B$5,"Medium",IF(F16<Bands!$B$6,"High","Very high")))) -> High | H16: =IF(G16="","",IFERROR(INDEX(Bands!$D$3:$D$6,MATCH(G16,Bands!$A$3:$A$6,0)),"")) -> Golden-brown with a reddish tint, brown edges, somewhat uneven | I16: =IF(G16="","",IFERROR(INDEX(Bands!$J$3:$J$6,MATCH(G16,Bands!$A$3:$A$6,0)),"")) -> Not pale yellow, which would match a low value. Not black or burnt, since very dark chips can have lower acrylamide. | J16: =IF(G16="","","Ch5_"&TEXT(COUNT($F$2:F16),"000")&"_"&SUBSTITUTE(G16," ","-")&"_"&TEXT(F16,"0")&".jpg") -> Ch5_014_High_1727.jpg
C17: 6 | D17: 0.9725 | E17: 181.10303 | F17: 1862.2419 | G17: =IF(NOT(ISNUMBER(F17)),"",IF(F17<Bands!$B$4,"Low",IF(F17<Bands!$B$5,"Medium",IF(F17<Bands!$B$6,"High","Very high")))) -> High | H17: =IF(G17="","",IFERROR(INDEX(Bands!$D$3:$D$6,MATCH(G17,Bands!$A$3:$A$6,0)),"")) -> Golden-brown with a reddish tint, brown edges, somewhat uneven | I17: =IF(G17="","",IFERROR(INDEX(Bands!$J$3:$J$6,MATCH(G17,Bands!$A$3:$A$6,0)),"")) -> Not pale yellow, which would match a low value. Not black or burnt, since very dark chips can have lower acrylamide. | J17: =IF(G17="","","Ch5_"&TEXT(COUNT($F$2:F17),"000")&"_"&SUBSTITUTE(G17," ","-")&"_"&TEXT(F17,"0")&".jpg") -> Ch5_015_High_1862.jpg
C18: 7 | D18: 0.9857 | E18: 132.57002 | F18: 1344.9327 | G18: =IF(NOT(ISNUMBER(F18)),"",IF(F18<Bands!$B$4,"Low",IF(F18<Bands!$B$5,"Medium",IF(F18<Bands!$B$6,"High","Very high")))) -> High | H18: =IF(G18="","",IFERROR(INDEX(Bands!$D$3:$D$6,MATCH(G18,Bands!$A$3:$A$6,0)),"")) -> Golden-brown with a reddish tint, brown edges, somewhat uneven | I18: =IF(G18="","",IFERROR(INDEX(Bands!$J$3:$J$6,MATCH(G18,Bands!$A$3:$A$6,0)),"")) -> Not pale yellow, which would match a low value. Not black or burnt, since very dark chips can have lower acrylamide. | J18: =IF(G18="","","Ch5_"&TEXT(COUNT($F$2:F18),"000")&"_"&SUBSTITUTE(G18," ","-")&"_"&TEXT(F18,"0")&".jpg") -> Ch5_016_High_1345.jpg
C19: 8 | D19: 1.0537 | E19: 123.02765 | F19: 1167.5776 | G19: =IF(NOT(ISNUMBER(F19)),"",IF(F19<Bands!$B$4,"Low",IF(F19<Bands!$B$5,"Medium",IF(F19<Bands!$B$6,"High","Very high")))) -> High | H19: =IF(G19="","",IFERROR(INDEX(Bands!$D$3:$D$6,MATCH(G19,Bands!$A$3:$A$6,0)),"")) -> Golden-brown with a reddish tint, brown edges, somewhat uneven | I19: =IF(G19="","",IFERROR(INDEX(Bands!$J$3:$J$6,MATCH(G19,Bands!$A$3:$A$6,0)),"")) -> Not pale yellow, which would match a low value. Not black or burnt, since very dark chips can have lower acrylamide. | J19: =IF(G19="","","Ch5_"&TEXT(COUNT($F$2:F19),"000")&"_"&SUBSTITUTE(G19," ","-")&"_"&TEXT(F19,"0")&".jpg") -> Ch5_017_High_1168.jpg
C20: 9 | D20: 1.0199 | E20: 280.43725 | F20: 2749.6544 | G20: =IF(NOT(ISNUMBER(F20)),"",IF(F20<Bands!$B$4,"Low",IF(F20<Bands!$B$5,"Medium",IF(F20<Bands!$B$6,"High","Very high")))) -> Very high | H20: =IF(G20="","",IFERROR(INDEX(Bands!$D$3:$D$6,MATCH(G20,Bands!$A$3:$A$6,0)),"")) -> Deep golden-brown to medium brown with a reddish tone; edges darkest, centre golden or light brown | I20: =IF(G20="","",IFERROR(INDEX(Bands!$J$3:$J$6,MATCH(G20,Bands!$A$3:$A$6,0)),"")) -> Not pale yellow, which would match a low value, or black and burnt, since very dark chips can have lower acrylamide. | J20: =IF(G20="","","Ch5_"&TEXT(COUNT($F$2:F20),"000")&"_"&SUBSTITUTE(G20," ","-")&"_"&TEXT(F20,"0")&".jpg") -> Ch5_018_Very-high_2750.jpg
A22: Pilot plant 2nd additives trial | B22: Controls | C22: 1 | D22: 1 | E22: 76.085274 | F22: 760.85274 | G22: =IF(NOT(ISNUMBER(F22)),"",IF(F22<Bands!$B$4,"Low",IF(F22<Bands!$B$5,"Medium",IF(F22<Bands!$B$6,"High","Very high")))) -> Medium | H22: =IF(G22="","",IFERROR(INDEX(Bands!$D$3:$D$6,MATCH(G22,Bands!$A$3:$A$6,0)),"")) -> Golden yellow with light brown at some edges or small spots | I22: =IF(G22="","",IFERROR(INDEX(Bands!$J$3:$J$6,MATCH(G22,Bands!$A$3:$A$6,0)),"")) -> Not pale yellow (matches a low value) and not deep reddish-brown (matches a high value). Avoid black or burnt chips. | J22: =IF(G22="","","Ch5_"&TEXT(COUNT($F$2:F22),"000")&"_"&SUBSTITUTE(G22," ","-")&"_"&TEXT(F22,"0")&".jpg") -> Ch5_019_Medium_761.jpg
C23: 2 | D23: 1 | E23: 71.229386 | F23: 712.29386 | G23: =IF(NOT(ISNUMBER(F23)),"",IF(F23<Bands!$B$4,"Low",IF(F23<Bands!$B$5,"Medium",IF(F23<Bands!$B$6,"High","Very high")))) -> Medium | H23: =IF(G23="","",IFERROR(INDEX(Bands!$D$3:$D$6,MATCH(G23,Bands!$A$3:$A$6,0)),"")) -> Golden yellow with light brown at some edges or small spots | I23: =IF(G23="","",IFERROR(INDEX(Bands!$J$3:$J$6,MATCH(G23,Bands!$A$3:$A$6,0)),"")) -> Not pale yellow (matches a low value) and not deep reddish-brown (matches a high value). Avoid black or burnt chips. | J23: =IF(G23="","","Ch5_"&TEXT(COUNT($F$2:F23),"000")&"_"&SUBSTITUTE(G23," ","-")&"_"&TEXT(F23,"0")&".jpg") -> Ch5_020_Medium_712.jpg
C24: 3 | D24: 1 | E24: 78.815063 | F24: 788.15063 | G24: =IF(NOT(ISNUMBER(F24)),"",IF(F24<Bands!$B$4,"Low",IF(F24<Bands!$B$5,"Medium",IF(F24<Bands!$B$6,"High","Very high")))) -> Medium | H24: =IF(G24="","",IFERROR(INDEX(Bands!$D$3:$D$6,MATCH(G24,Bands!$A$3:$A$6,0)),"")) -> Golden yellow with light brown at some edges or small spots | I24: =IF(G24="","",IFERROR(INDEX(Bands!$J$3:$J$6,MATCH(G24,Bands!$A$3:$A$6,0)),"")) -> Not pale yellow (matches a low value) and not deep reddish-brown (matches a high value). Avoid black or burnt chips. | J24: =IF(G24="","","Ch5_"&TEXT(COUNT($F$2:F24),"000")&"_"&SUBSTITUTE(G24," ","-")&"_"&TEXT(F24,"0")&".jpg") -> Ch5_021_Medium_788.jpg
B26: citric acid 0.05 M | C26: 1 | D26: 1 | E26: 93.026795 | F26: 930.26795 | G26: =IF(NOT(ISNUMBER(F26)),"",IF(F26<Bands!$B$4,"Low",IF(F26<Bands!$B$5,"Medium",IF(F26<Bands!$B$6,"High","Very high")))) -> Medium | H26: =IF(G26="","",IFERROR(INDEX(Bands!$D$3:$D$6,MATCH(G26,Bands!$A$3:$A$6,0)),"")) -> Golden yellow with light brown at some edges or small spots | I26: =IF(G26="","",IFERROR(INDEX(Bands!$J$3:$J$6,MATCH(G26,Bands!$A$3:$A$6,0)),"")) -> Not pale yellow (matches a low value) and not deep reddish-brown (matches a high value). Avoid black or burnt chips. | J26: =IF(G26="","","Ch5_"&TEXT(COUNT($F$2:F26),"000")&"_"&SUBSTITUTE(G26," ","-")&"_"&TEXT(F26,"0")&".jpg") -> Ch5_022_Medium_930.jpg
C27: 2 | D27: 1 | E27: 94.355005 | F27: 943.55005 | G27: =IF(NOT(ISNUMBER(F27)),"",IF(F27<Bands!$B$4,"Low",IF(F27<Bands!$B$5,"Medium",IF(F27<Bands!$B$6,"High","Very high")))) -> Medium | H27: =IF(G27="","",IFERROR(INDEX(Bands!$D$3:$D$6,MATCH(G27,Bands!$A$3:$A$6,0)),"")) -> Golden yellow with light brown at some edges or small spots | I27: =IF(G27="","",IFERROR(INDEX(Bands!$J$3:$J$6,MATCH(G27,Bands!$A$3:$A$6,0)),"")) -> Not pale yellow (matches a low value) and not deep reddish-brown (matches a high value). Avoid black or burnt chips. | J27: =IF(G27="","","Ch5_"&TEXT(COUNT($F$2:F27),"000")&"_"&SUBSTITUTE(G27," ","-")&"_"&TEXT(F27,"0")&".jpg") -> Ch5_023_Medium_944.jpg
C28: 3 | D28: 1 | E28: 115.58016 | F28: 1155.8016 | G28: =IF(NOT(ISNUMBER(F28)),"",IF(F28<Bands!$B$4,"Low",IF(F28<Bands!$B$5,"Medium",IF(F28<Bands!$B$6,"High","Very high")))) -> High | H28: =IF(G28="","",IFERROR(INDEX(Bands!$D$3:$D$6,MATCH(G28,Bands!$A$3:$A$6,0)),"")) -> Golden-brown with a reddish tint, brown edges, somewhat uneven | I28: =IF(G28="","",IFERROR(INDEX(Bands!$J$3:$J$6,MATCH(G28,Bands!$A$3:$A$6,0)),"")) -> Not pale yellow, which would match a low value. Not black or burnt, since very dark chips can have lower acrylamide. | J28: =IF(G28="","","Ch5_"&TEXT(COUNT($F$2:F28),"000")&"_"&SUBSTITUTE(G28," ","-")&"_"&TEXT(F28,"0")&".jpg") -> Ch5_024_High_1156.jpg
B30: CaCl2 0.01 M | C30: 1 | D30: 1 | E30: 74.154971 | F30: 741.54971 | G30: =IF(NOT(ISNUMBER(F30)),"",IF(F30<Bands!$B$4,"Low",IF(F30<Bands!$B$5,"Medium",IF(F30<Bands!$B$6,"High","Very high")))) -> Medium | H30: =IF(G30="","",IFERROR(INDEX(Bands!$D$3:$D$6,MATCH(G30,Bands!$A$3:$A$6,0)),"")) -> Golden yellow with light brown at some edges or small spots | I30: =IF(G30="","",IFERROR(INDEX(Bands!$J$3:$J$6,MATCH(G30,Bands!$A$3:$A$6,0)),"")) -> Not pale yellow (matches a low value) and not deep reddish-brown (matches a high value). Avoid black or burnt chips. | J30: =IF(G30="","","Ch5_"&TEXT(COUNT($F$2:F30),"000")&"_"&SUBSTITUTE(G30," ","-")&"_"&TEXT(F30,"0")&".jpg") -> Ch5_025_Medium_742.jpg
C31: 2 | D31: 1 | E31: 111.77402 | F31: 1117.7402 | G31: =IF(NOT(ISNUMBER(F31)),"",IF(F31<Bands!$B$4,"Low",IF(F31<Bands!$B$5,"Medium",IF(F31<Bands!$B$6,"High","Very high")))) -> High | H31: =IF(G31="","",IFERROR(INDEX(Bands!$D$3:$D$6,MATCH(G31,Bands!$A$3:$A$6,0)),"")) -> Golden-brown with a reddish tint, brown edges, somewhat uneven | I31: =IF(G31="","",IFERROR(INDEX(Bands!$J$3:$J$6,MATCH(G31,Bands!$A$3:$A$6,0)),"")) -> Not pale yellow, which would match a low value. Not black or burnt, since very dark chips can have lower acrylamide. | J31: =IF(G31="","","Ch5_"&TEXT(COUNT($F$2:F31),"000")&"_"&SUBSTITUTE(G31," ","-")&"_"&TEXT(F31,"0")&".jpg") -> Ch5_026_High_1118.jpg
C32: 3 | D32: 1 | E32: 95.707021 | F32: 957.07021 | G32: =IF(NOT(ISNUMBER(F32)),"",IF(F32<Bands!$B$4,"Low",IF(F32<Bands!$B$5,"Medium",IF(F32<Bands!$B$6,"High","Very high")))) -> Medium | H32: =IF(G32="","",IFERROR(INDEX(Bands!$D$3:$D$6,MATCH(G32,Bands!$A$3:$A$6,0)),"")) -> Golden yellow with light brown at some edges or small spots | I32: =IF(G32="","",IFERROR(INDEX(Bands!$J$3:$J$6,MATCH(G32,Bands!$A$3:$A$6,0)),"")) -> Not pale yellow (matches a low value) and not deep reddish-brown (matches a high value). Avoid black or burnt chips. | J32: =IF(G32="","","Ch5_"&TEXT(COUNT($F$2:F32),"000")&"_"&SUBSTITUTE(G32," ","-")&"_"&TEXT(F32,"0")&".jpg") -> Ch5_027_Medium_957.jpg
B34: CaCl2 0.01 M + citric acid 0.05 M | C34: 1 | D34: 1 | E34: 76.216313 | F34: 762.16313 | G34: =IF(NOT(ISNUMBER(F34)),"",IF(F34<Bands!$B$4,"Low",IF(F34<Bands!$B$5,"Medium",IF(F34<Bands!$B$6,"High","Very high")))) -> Medium | H34: =IF(G34="","",IFERROR(INDEX(Bands!$D$3:$D$6,MATCH(G34,Bands!$A$3:$A$6,0)),"")) -> Golden yellow with light brown at some edges or small spots | I34: =IF(G34="","",IFERROR(INDEX(Bands!$J$3:$J$6,MATCH(G34,Bands!$A$3:$A$6,0)),"")) -> Not pale yellow (matches a low value) and not deep reddish-brown (matches a high value). Avoid black or burnt chips. | J34: =IF(G34="","","Ch5_"&TEXT(COUNT($F$2:F34),"000")&"_"&SUBSTITUTE(G34," ","-")&"_"&TEXT(F34,"0")&".jpg") -> Ch5_028_Medium_762.jpg
C35: 2 | D35: 1 | E35: 110.53452 | F35: 1105.3452 | G35: =IF(NOT(ISNUMBER(F35)),"",IF(F35<Bands!$B$4,"Low",IF(F35<Bands!$B$5,"Medium",IF(F35<Bands!$B$6,"High","Very high")))) -> High | H35: =IF(G35="","",IFERROR(INDEX(Bands!$D$3:$D$6,MATCH(G35,Bands!$A$3:$A$6,0)),"")) -> Golden-brown with a reddish tint, brown edges, somewhat uneven | I35: =IF(G35="","",IFERROR(INDEX(Bands!$J$3:$J$6,MATCH(G35,Bands!$A$3:$A$6,0)),"")) -> Not pale yellow, which would match a low value. Not black or burnt, since very dark chips can have lower acrylamide. | J35: =IF(G35="","","Ch5_"&TEXT(COUNT($F$2:F35),"000")&"_"&SUBSTITUTE(G35," ","-")&"_"&TEXT(F35,"0")&".jpg") -> Ch5_029_High_1105.jpg
C36: 3 | D36: 1 | E36: 120.84972 | F36: 1208.4972 | G36: =IF(NOT(ISNUMBER(F36)),"",IF(F36<Bands!$B$4,"Low",IF(F36<Bands!$B$5,"Medium",IF(F36<Bands!$B$6,"High","Very high")))) -> High | H36: =IF(G36="","",IFERROR(INDEX(Bands!$D$3:$D$6,MATCH(G36,Bands!$A$3:$A$6,0)),"")) -> Golden-brown with a reddish tint, brown edges, somewhat uneven | I36: =IF(G36="","",IFERROR(INDEX(Bands!$J$3:$J$6,MATCH(G36,Bands!$A$3:$A$6,0)),"")) -> Not pale yellow, which would match a low value. Not black or burnt, since very dark chips can have lower acrylamide. | J36: =IF(G36="","","Ch5_"&TEXT(COUNT($F$2:F36),"000")&"_"&SUBSTITUTE(G36," ","-")&"_"&TEXT(F36,"0")&".jpg") -> Ch5_030_High_1208.jpg
A38: Pilot plant 3rd additives trial | B38: Controls | C38: 1 | D38: 1 | E38: 75.8 | F38: 758 | G38: =IF(NOT(ISNUMBER(F38)),"",IF(F38<Bands!$B$4,"Low",IF(F38<Bands!$B$5,"Medium",IF(F38<Bands!$B$6,"High","Very high")))) -> Medium | H38: =IF(G38="","",IFERROR(INDEX(Bands!$D$3:$D$6,MATCH(G38,Bands!$A$3:$A$6,0)),"")) -> Golden yellow with light brown at some edges or small spots | I38: =IF(G38="","",IFERROR(INDEX(Bands!$J$3:$J$6,MATCH(G38,Bands!$A$3:$A$6,0)),"")) -> Not pale yellow (matches a low value) and not deep reddish-brown (matches a high value). Avoid black or burnt chips. | J38: =IF(G38="","","Ch5_"&TEXT(COUNT($F$2:F38),"000")&"_"&SUBSTITUTE(G38," ","-")&"_"&TEXT(F38,"0")&".jpg") -> Ch5_031_Medium_758.jpg
C39: 2 | D39: 1 | E39: 73.3 | F39: 733 | G39: =IF(NOT(ISNUMBER(F39)),"",IF(F39<Bands!$B$4,"Low",IF(F39<Bands!$B$5,"Medium",IF(F39<Bands!$B$6,"High","Very high")))) -> Medium | H39: =IF(G39="","",IFERROR(INDEX(Bands!$D$3:$D$6,MATCH(G39,Bands!$A$3:$A$6,0)),"")) -> Golden yellow with light brown at some edges or small spots | I39: =IF(G39="","",IFERROR(INDEX(Bands!$J$3:$J$6,MATCH(G39,Bands!$A$3:$A$6,0)),"")) -> Not pale yellow (matches a low value) and not deep reddish-brown (matches a high value). Avoid black or burnt chips. | J39: =IF(G39="","","Ch5_"&TEXT(COUNT($F$2:F39),"000")&"_"&SUBSTITUTE(G39," ","-")&"_"&TEXT(F39,"0")&".jpg") -> Ch5_032_Medium_733.jpg
C40: 3 | D40: 1 | E40: 59.3 | F40: 593 | G40: =IF(NOT(ISNUMBER(F40)),"",IF(F40<Bands!$B$4,"Low",IF(F40<Bands!$B$5,"Medium",IF(F40<Bands!$B$6,"High","Very high")))) -> Medium | H40: =IF(G40="","",IFERROR(INDEX(Bands!$D$3:$D$6,MATCH(G40,Bands!$A$3:$A$6,0)),"")) -> Golden yellow with light brown at some edges or small spots | I40: =IF(G40="","",IFERROR(INDEX(Bands!$J$3:$J$6,MATCH(G40,Bands!$A$3:$A$6,0)),"")) -> Not pale yellow (matches a low value) and not deep reddish-brown (matches a high value). Avoid black or burnt chips. | J40: =IF(G40="","","Ch5_"&TEXT(COUNT($F$2:F40),"000")&"_"&SUBSTITUTE(G40," ","-")&"_"&TEXT(F40,"0")&".jpg") -> Ch5_033_Medium_593.jpg
B42: citric acid 0.05 M | C42: 1 | D42: 1 | E42: 56.9 | F42: 569 | G42: =IF(NOT(ISNUMBER(F42)),"",IF(F42<Bands!$B$4,"Low",IF(F42<Bands!$B$5,"Medium",IF(F42<Bands!$B$6,"High","Very high")))) -> Medium | H42: =IF(G42="","",IFERROR(INDEX(Bands!$D$3:$D$6,MATCH(G42,Bands!$A$3:$A$6,0)),"")) -> Golden yellow with light brown at some edges or small spots | I42: =IF(G42="","",IFERROR(INDEX(Bands!$J$3:$J$6,MATCH(G42,Bands!$A$3:$A$6,0)),"")) -> Not pale yellow (matches a low value) and not deep reddish-brown (matches a high value). Avoid black or burnt chips. | J42: =IF(G42="","","Ch5_"&TEXT(COUNT($F$2:F42),"000")&"_"&SUBSTITUTE(G42," ","-")&"_"&TEXT(F42,"0")&".jpg") -> Ch5_034_Medium_569.jpg
C43: 2 | D43: 1 | E43: 72 | F43: 720 | G43: =IF(NOT(ISNUMBER(F43)),"",IF(F43<Bands!$B$4,"Low",IF(F43<Bands!$B$5,"Medium",IF(F43<Bands!$B$6,"High","Very high")))) -> Medium | H43: =IF(G43="","",IFERROR(INDEX(Bands!$D$3:$D$6,MATCH(G43,Bands!$A$3:$A$6,0)),"")) -> Golden yellow with light brown at some edges or small spots | I43: =IF(G43="","",IFERROR(INDEX(Bands!$J$3:$J$6,MATCH(G43,Bands!$A$3:$A$6,0)),"")) -> Not pale yellow (matches a low value) and not deep reddish-brown (matches a high value). Avoid black or burnt chips. | J43: =IF(G43="","","Ch5_"&TEXT(COUNT($F$2:F43),"000")&"_"&SUBSTITUTE(G43," ","-")&"_"&TEXT(F43,"0")&".jpg") -> Ch5_035_Medium_720.jpg
C44: 3 | D44: 1 | E44: 83.3 | F44: 833 | G44: =IF(NOT(ISNUMBER(F44)),"",IF(F44<Bands!$B$4,"Low",IF(F44<Bands!$B$5,"Medium",IF(F44<Bands!$B$6,"High","Very high")))) -> Medium | H44: =IF(G44="","",IFERROR(INDEX(Bands!$D$3:$D$6,MATCH(G44,Bands!$A$3:$A$6,0)),"")) -> Golden yellow with light brown at some edges or small spots | I44: =IF(G44="","",IFERROR(INDEX(Bands!$J$3:$J$6,MATCH(G44,Bands!$A$3:$A$6,0)),"")) -> Not pale yellow (matches a low value) and not deep reddish-brown (matches a high value). Avoid black or burnt chips. | J44: =IF(G44="","","Ch5_"&TEXT(COUNT($F$2:F44),"000")&"_"&SUBSTITUTE(G44," ","-")&"_"&TEXT(F44,"0")&".jpg") -> Ch5_036_Medium_833.jpg
B46: CaCl2 0.01 M | C46: 1 | D46: 1 | E46: 111.1 | F46: 1111 | G46: =IF(NOT(ISNUMBER(F46)),"",IF(F46<Bands!$B$4,"Low",IF(F46<Bands!$B$5,"Medium",IF(F46<Bands!$B$6,"High","Very high")))) -> High | H46: =IF(G46="","",IFERROR(INDEX(Bands!$D$3:$D$6,MATCH(G46,Bands!$A$3:$A$6,0)),"")) -> Golden-brown with a reddish tint, brown edges, somewhat uneven | I46: =IF(G46="","",IFERROR(INDEX(Bands!$J$3:$J$6,MATCH(G46,Bands!$A$3:$A$6,0)),"")) -> Not pale yellow, which would match a low value. Not black or burnt, since very dark chips can have lower acrylamide. | J46: =IF(G46="","","Ch5_"&TEXT(COUNT($F$2:F46),"000")&"_"&SUBSTITUTE(G46," ","-")&"_"&TEXT(F46,"0")&".jpg") -> Ch5_037_High_1111.jpg
C47: 2 | D47: 1 | E47: 67.8 | F47: 678 | G47: =IF(NOT(ISNUMBER(F47)),"",IF(F47<Bands!$B$4,"Low",IF(F47<Bands!$B$5,"Medium",IF(F47<Bands!$B$6,"High","Very high")))) -> Medium | H47: =IF(G47="","",IFERROR(INDEX(Bands!$D$3:$D$6,MATCH(G47,Bands!$A$3:$A$6,0)),"")) -> Golden yellow with light brown at some edges or small spots | I47: =IF(G47="","",IFERROR(INDEX(Bands!$J$3:$J$6,MATCH(G47,Bands!$A$3:$A$6,0)),"")) -> Not pale yellow (matches a low value) and not deep reddish-brown (matches a high value). Avoid black or burnt chips. | J47: =IF(G47="","","Ch5_"&TEXT(COUNT($F$2:F47),"000")&"_"&SUBSTITUTE(G47," ","-")&"_"&TEXT(F47,"0")&".jpg") -> Ch5_038_Medium_678.jpg
C48: 3 | D48: 1 | E48: 91.5 | F48: 915 | G48: =IF(NOT(ISNUMBER(F48)),"",IF(F48<Bands!$B$4,"Low",IF(F48<Bands!$B$5,"Medium",IF(F48<Bands!$B$6,"High","Very high")))) -> Medium | H48: =IF(G48="","",IFERROR(INDEX(Bands!$D$3:$D$6,MATCH(G48,Bands!$A$3:$A$6,0)),"")) -> Golden yellow with light brown at some edges or small spots | I48: =IF(G48="","",IFERROR(INDEX(Bands!$J$3:$J$6,MATCH(G48,Bands!$A$3:$A$6,0)),"")) -> Not pale yellow (matches a low value) and not deep reddish-brown (matches a high value). Avoid black or burnt chips. | J48: =IF(G48="","","Ch5_"&TEXT(COUNT($F$2:F48),"000")&"_"&SUBSTITUTE(G48," ","-")&"_"&TEXT(F48,"0")&".jpg") -> Ch5_039_Medium_915.jpg
B50: CaCl2 0.01 M + citric acid 0.05 M | C50: 1 | D50: 1 | E50: 66.9 | F50: 669 | G50: =IF(NOT(ISNUMBER(F50)),"",IF(F50<Bands!$B$4,"Low",IF(F50<Bands!$B$5,"Medium",IF(F50<Bands!$B$6,"High","Very high")))) -> Medium | H50: =IF(G50="","",IFERROR(INDEX(Bands!$D$3:$D$6,MATCH(G50,Bands!$A$3:$A$6,0)),"")) -> Golden yellow with light brown at some edges or small spots | I50: =IF(G50="","",IFERROR(INDEX(Bands!$J$3:$J$6,MATCH(G50,Bands!$A$3:$A$6,0)),"")) -> Not pale yellow (matches a low value) and not deep reddish-brown (matches a high value). Avoid black or burnt chips. | J50: =IF(G50="","","Ch5_"&TEXT(COUNT($F$2:F50),"000")&"_"&SUBSTITUTE(G50," ","-")&"_"&TEXT(F50,"0")&".jpg") -> Ch5_040_Medium_669.jpg
C51: 2 | D51: 1 | E51: 68 | F51: 680 | G51: =IF(NOT(ISNUMBER(F51)),"",IF(F51<Bands!$B$4,"Low",IF(F51<Bands!$B$5,"Medium",IF(F51<Bands!$B$6,"High","Very high")))) -> Medium | H51: =IF(G51="","",IFERROR(INDEX(Bands!$D$3:$D$6,MATCH(G51,Bands!$A$3:$A$6,0)),"")) -> Golden yellow with light brown at some edges or small spots | I51: =IF(G51="","",IFERROR(INDEX(Bands!$J$3:$J$6,MATCH(G51,Bands!$A$3:$A$6,0)),"")) -> Not pale yellow (matches a low value) and not deep reddish-brown (matches a high value). Avoid black or burnt chips. | J51: =IF(G51="","","Ch5_"&TEXT(COUNT($F$2:F51),"000")&"_"&SUBSTITUTE(G51," ","-")&"_"&TEXT(F51,"0")&".jpg") -> Ch5_041_Medium_680.jpg
C52: 3 | D52: 1 | E52: 59.3 | F52: 593 | G52: =IF(NOT(ISNUMBER(F52)),"",IF(F52<Bands!$B$4,"Low",IF(F52<Bands!$B$5,"Medium",IF(F52<Bands!$B$6,"High","Very high")))) -> Medium | H52: =IF(G52="","",IFERROR(INDEX(Bands!$D$3:$D$6,MATCH(G52,Bands!$A$3:$A$6,0)),"")) -> Golden yellow with light brown at some edges or small spots | I52: =IF(G52="","",IFERROR(INDEX(Bands!$J$3:$J$6,MATCH(G52,Bands!$A$3:$A$6,0)),"")) -> Not pale yellow (matches a low value) and not deep reddish-brown (matches a high value). Avoid black or burnt chips. | J52: =IF(G52="","","Ch5_"&TEXT(COUNT($F$2:F52),"000")&"_"&SUBSTITUTE(G52," ","-")&"_"&TEXT(F52,"0")&".jpg") -> Ch5_042_Medium_593.jpg
A54: Ultrasound 1st trial | B54: Controls | C54: 1 | D54: 1.0043 | E54: 501.87562 | F54: 4997.268 | G54: =IF(NOT(ISNUMBER(F54)),"",IF(F54<Bands!$B$4,"Low",IF(F54<Bands!$B$5,"Medium",IF(F54<Bands!$B$6,"High","Very high")))) -> Very high | H54: =IF(G54="","",IFERROR(INDEX(Bands!$D$3:$D$6,MATCH(G54,Bands!$A$3:$A$6,0)),"")) -> Deep golden-brown to medium brown with a reddish tone; edges darkest, centre golden or light brown | I54: =IF(G54="","",IFERROR(INDEX(Bands!$J$3:$J$6,MATCH(G54,Bands!$A$3:$A$6,0)),"")) -> Not pale yellow, which would match a low value, or black and burnt, since very dark chips can have lower acrylamide. | J54: =IF(G54="","","Ch5_"&TEXT(COUNT($F$2:F54),"000")&"_"&SUBSTITUTE(G54," ","-")&"_"&TEXT(F54,"0")&".jpg") -> Ch5_043_Very-high_4997.jpg
C55: 2 | D55: 1.0058 | E55: 171.04683 | F55: 1700.6048 | G55: =IF(NOT(ISNUMBER(F55)),"",IF(F55<Bands!$B$4,"Low",IF(F55<Bands!$B$5,"Medium",IF(F55<Bands!$B$6,"High","Very high")))) -> High | H55: =IF(G55="","",IFERROR(INDEX(Bands!$D$3:$D$6,MATCH(G55,Bands!$A$3:$A$6,0)),"")) -> Golden-brown with a reddish tint, brown edges, somewhat uneven | I55: =IF(G55="","",IFERROR(INDEX(Bands!$J$3:$J$6,MATCH(G55,Bands!$A$3:$A$6,0)),"")) -> Not pale yellow, which would match a low value. Not black or burnt, since very dark chips can have lower acrylamide. | J55: =IF(G55="","","Ch5_"&TEXT(COUNT($F$2:F55),"000")&"_"&SUBSTITUTE(G55," ","-")&"_"&TEXT(F55,"0")&".jpg") -> Ch5_044_High_1701.jpg
C56: 3 | D56: 1.0001 | E56: 322.47408 | F56: 3224.4184 | G56: =IF(NOT(ISNUMBER(F56)),"",IF(F56<Bands!$B$4,"Low",IF(F56<Bands!$B$5,"Medium",IF(F56<Bands!$B$6,"High","Very high")))) -> Very high | H56: =IF(G56="","",IFERROR(INDEX(Bands!$D$3:$D$6,MATCH(G56,Bands!$A$3:$A$6,0)),"")) -> Deep golden-brown to medium brown with a reddish tone; edges darkest, centre golden or light brown | I56: =IF(G56="","",IFERROR(INDEX(Bands!$J$3:$J$6,MATCH(G56,Bands!$A$3:$A$6,0)),"")) -> Not pale yellow, which would match a low value, or black and burnt, since very dark chips can have lower acrylamide. | J56: =IF(G56="","","Ch5_"&TEXT(COUNT($F$2:F56),"000")&"_"&SUBSTITUTE(G56," ","-")&"_"&TEXT(F56,"0")&".jpg") -> Ch5_045_Very-high_3224.jpg
C57: 4 | D57: 1.0049 | E57: 90.024606 | F57: 895.85636 | G57: =IF(NOT(ISNUMBER(F57)),"",IF(F57<Bands!$B$4,"Low",IF(F57<Bands!$B$5,"Medium",IF(F57<Bands!$B$6,"High","Very high")))) -> Medium | H57: =IF(G57="","",IFERROR(INDEX(Bands!$D$3:$D$6,MATCH(G57,Bands!$A$3:$A$6,0)),"")) -> Golden yellow with light brown at some edges or small spots | I57: =IF(G57="","",IFERROR(INDEX(Bands!$J$3:$J$6,MATCH(G57,Bands!$A$3:$A$6,0)),"")) -> Not pale yellow (matches a low value) and not deep reddish-brown (matches a high value). Avoid black or burnt chips. | J57: =IF(G57="","","Ch5_"&TEXT(COUNT($F$2:F57),"000")&"_"&SUBSTITUTE(G57," ","-")&"_"&TEXT(F57,"0")&".jpg") -> Ch5_046_Medium_896.jpg
